Unnamed,iq,cgpa,placement
0,131.6,4.2,0
1,124.4,9.8,1
2,47.0,8.8,1
3,87.3,5.8,0
4,161.4,2.9,1
5,132.4,8.7,0
6,249.4,1.6,0
7,44.6,0.2,1
8,15.3,0.4,1
9,241.6,7.0,1
10,155.3,9.7,0
11,231.1,3.0,0
12,111.2,1.1,1
13,125.7,5.2,0
14,236.1,2.6,0
15,248.6,2.1,1
16,187.1,5.2,1
17,218.3,0.2,0
18,92.8,5.0,1
19,47.3,0.3,1
20,228.1,8.2,0
21,94.6,7.9,1
22,195.5,0.4,1
23,2.1,0.3,0
24,48.9,9.5,0
25,183.3,9.5,1
26,219.3,6.2,0
27,222.2,2.8,0
28,5.9,6.2,1
29,144.1,1.1,1
30,108.3,4.6,0
31,160.7,4.3,1
32,55.1,8.3,0
33,125.1,9.5,1
34,150.7,6.0,0
35,171.4,0.4,1
36,62.1,1.6,1
37,1.2,0.7,1
38,34.7,0.8,0
39,129.8,9.5,0
40,208.5,3.7,1
41,178.9,3.5,1
42,135.9,1.3,1
43,203.8,6.3,0
44,207.0,5.1,0
45,99.1,6.5,1
46,186.1,2.7,1
47,20.0,6.8,1
48,107.3,7.0,1
49,60.0,4.4,1
50,226.3,8.5,0
51,197.4,2.1,0
52,196.6,2.0,0
53,164.0,5.6,1
54,24.8,2.9,1
55,13.6,1.5,0
56,47.9,3.0,0
57,15.0,5.7,1
58,55.6,3.5,0
59,89.0,3.0,1
60,113.0,6.4,1
61,115.8,2.3,1
62,171.3,6.8,0
63,93.5,0.3,1
64,142.2,8.7,1
65,189.2,6.0,1
66,113.4,6.6,1
67,87.9,8.7,0
68,68.6,8.7,1
69,215.6,3.8,0
70,113.1,3.6,1
71,78.9,4.5,0
72,159.6,0.7,0
73,128.7,0.3,1
74,76.8,0.7,1
75,171.6,4.3,0
76,225.1,0.1,0
77,93.4,9.9,1
78,226.1,5.1,1
79,25.3,5.4,0
80,217.1,2.2,0
81,55.8,6.6,0
82,1.4,8.7,0
83,84.2,9.3,0
84,59.9,2.0,0
85,77.0,4.6,0
86,210.2,6.8,0
87,124.4,0.4,1
88,13.5,4.9,0
89,218.2,5.8,1
90,27.1,9.0,0
91,141.5,2.5,0
92,105.6,1.3,0
93,4.8,4.0,1
94,180.7,0.1,1
95,85.9,5.1,0
96,124.2,9.4,0
97,224.9,6.7,0
98,130.7,8.3,0
99,84.0,5.8,1
100,19.4,1.9,0
101,224.9,9.1,0
102,100.2,5.4,1
103,109.9,4.7,1
104,99.8,8.6,0
105,37.0,5.7,0
106,20.6,8.7,0
107,139.3,2.1,0
108,198.3,8.9,0
109,246.3,1.7,1
110,90.7,9.4,0
111,84.6,0.6,1
112,216.6,7.8,0
113,205.4,4.2,1
114,203.3,7.1,1
115,118.8,6.8,1
116,160.1,7.2,0
117,225.6,7.7,1
118,39.4,4.6,1
119,228.8,1.0,1
120,156.6,2.7,1
121,205.8,4.8,1
122,213.4,9.3,1
123,64.5,9.7,1
124,168.3,1.2,1
125,196.8,2.2,0
126,37.8,3.3,1
127,211.5,9.2,1
128,133.5,2.9,1
129,187.5,9.3,0
130,175.4,4.4,0
131,201.6,1.2,0
132,102.1,1.1,1
133,199.8,5.8,0
134,7.3,7.0,1
135,63.0,4.6,1
136,186.0,5.2,0
137,185.5,8.7,0
138,132.8,2.8,0
139,38.6,4.8,0
140,212.1,0.9,1
141,32.0,2.0,1
142,130.1,2.4,0
143,166.1,1.5,0
144,1.5,2.9,1
145,45.3,0.3,1
146,64.8,0.2,1
147,128.0,0.6,1
148,22.8,5.1,1
149,49.0,1.2,1
150,184.3,7.2,0
151,43.0,4.8,1
152,151.9,9.9,0
153,189.1,6.5,0
154,169.1,9.7,0
155,129.1,0.6,1
156,55.8,0.4,0
157,128.5,2.3,0
158,169.1,3.9,1
159,97.6,9.5,1
160,50.3,7.3,1
161,181.4,3.5,0
162,71.4,2.2,1
163,96.5,0.3,0
164,220.9,8.9,1
165,3.1,2.5,1
166,126.0,5.9,0
167,181.2,8.8,0
168,113.2,0.7,0
169,98.6,7.3,1
170,132.6,2.3,0
171,2.6,5.6,1
172,26.3,0.6,1
173,213.1,8.9,1
174,38.2,0.8,0
175,168.9,0.5,1
176,83.0,8.2,0
177,146.1,7.7,1
178,234.4,5.9,1
179,21.7,6.5,1
180,202.1,9.4,0
181,108.0,1.7,1
182,60.8,3.7,1
183,49.7,7.5,1
184,53.3,7.8,0
185,187.5,8.1,1
186,220.9,4.8,0
187,237.3,9.2,0
188,73.4,6.1,0
189,184.0,8.5,1
190,205.6,6.7,1
191,32.6,3.9,0
192,215.3,9.0,0
193,107.7,3.5,1
194,52.6,1.9,0
195,234.5,9.2,1
196,70.5,4.7,1
197,89.9,7.3,1
198,211.5,5.4,0
199,213.0,0.2,0
200,98.1,4.2,0
201,64.7,1.6,0
202,185.3,1.2,0
203,29.4,6.8,1
204,220.3,8.1,1
205,165.3,1.9,0
206,91.7,5.2,0
207,115.1,0.4,0
208,206.1,4.8,1
209,222.5,9.1,1
210,41.7,4.2,1
211,227.9,2.7,1
212,82.2,3.4,0
213,154.3,2.6,0
214,230.5,9.4,1
215,114.0,5.5,0
216,216.9,8.0,1
217,63.2,5.2,1
218,198.4,3.8,0
219,234.0,0.2,1
220,63.8,5.8,0
221,224.1,9.2,0
222,127.2,9.9,0
223,248.6,5.6,1
224,96.5,2.1,1
225,82.6,0.8,1
226,28.8,1.3,0
227,23.3,0.8,0
228,125.4,8.5,0
229,159.5,4.0,1
230,222.9,8.5,1
231,60.8,2.2,0
232,69.1,0.1,1
233,197.0,6.1,0
234,225.0,2.8,0
235,86.1,6.4,1
236,196.7,4.5,1
237,167.1,9.1,0
238,149.3,9.2,1
239,98.9,5.1,1
240,207.5,1.4,1
241,78.7,5.6,1
242,35.8,2.0,1
243,133.1,4.0,1
244,130.0,2.9,0
245,73.4,2.1,1
246,24.7,7.4,1
247,244.4,4.8,0
248,235.2,4.7,0
249,138.1,0.4,1
250,148.3,6.1,0
251,15.2,3.7,1
252,104.0,0.0,1
253,116.3,7.7,0
254,197.0,6.0,1
255,7.0,9.4,1
256,97.1,0.6,1
257,44.2,4.1,1
258,145.0,9.4,1
259,103.5,0.7,1
260,167.9,1.3,0
261,149.9,4.2,1
262,109.0,6.9,0
263,198.1,0.2,0
264,191.6,1.5,0
265,229.2,4.1,1
266,140.0,2.1,1
267,80.5,4.5,0
268,19.5,9.8,1
269,160.2,7.3,0
270,155.8,1.2,0
271,100.4,0.8,0
272,153.3,6.9,0
273,237.7,2.1,1
274,39.5,9.6,0
275,124.5,9.1,1
276,126.3,8.8,1
277,194.6,7.4,1
278,165.9,2.7,0
279,153.0,6.3,1
280,249.7,5.7,1
281,129.8,9.3,1
282,73.1,2.1,0
283,19.7,5.9,1
284,111.8,6.0,0
285,237.8,9.7,1
286,164.6,8.2,0
287,34.8,5.1,0
288,52.4,7.8,0
289,80.5,7.4,1
290,45.1,9.9,0
291,216.1,6.7,1
292,63.6,0.5,0
293,120.2,0.1,0
294,43.1,6.2,1
295,84.2,4.5,0
296,71.6,1.9,0
297,121.2,6.9,0
298,43.7,6.1,1
299,125.5,6.9,0
300,212.9,7.1,0
301,125.5,2.5,1
302,119.3,4.9,0
303,164.4,4.7,1
304,58.9,9.3,0
305,36.4,4.8,0
306,27.2,2.2,1
307,191.6,8.7,1
308,72.0,3.2,0
309,219.7,5.0,1
310,81.7,8.9,1
311,136.0,3.1,0
312,55.1,7.2,0
313,58.9,5.4,0
314,181.8,9.2,0
315,234.8,3.7,1
316,97.7,4.7,1
317,20.7,5.3,0
318,161.4,8.0,1
319,102.7,3.6,1
320,131.9,5.4,1
321,104.2,7.8,1
322,157.0,7.9,0
323,72.0,3.3,0
324,167.7,8.6,0
325,33.4,0.9,1
326,187.7,7.5,1
327,217.7,4.5,1
328,138.3,2.7,0
329,51.5,3.9,1
330,228.1,8.2,0
331,84.1,5.2,0
332,30.7,5.9,0
333,92.4,8.7,0
334,97.5,9.2,1
335,77.7,3.0,0
336,125.0,6.8,0
337,87.3,6.9,0
338,221.9,7.2,1
339,98.6,2.2,1
340,240.5,9.3,0
341,246.3,4.0,1
342,229.4,2.4,0
343,116.5,0.9,0
344,34.2,0.1,1
345,76.6,2.4,1
346,54.1,8.0,1
347,72.8,6.8,0
348,72.2,1.7,0
349,178.6,9.5,0
350,37.5,9.3,1
351,22.5,7.4,1
352,125.5,0.8,1
353,135.6,0.3,1
354,113.4,4.1,0
355,53.4,4.5,0
356,47.0,7.6,0
357,169.2,5.9,1
358,132.6,4.4,0
359,77.2,8.7,0
360,197.8,9.6,0
361,106.3,4.1,1
362,12.7,6.6,0
363,196.0,7.3,0
364,68.8,5.6,0
365,89.7,0.5,0
366,132.5,0.5,1
367,246.9,9.1,1
368,1.6,4.8,0
369,216.2,4.4,1
370,160.7,6.7,1
371,124.1,2.9,1
372,209.4,4.0,1
373,99.0,5.8,1
374,172.7,4.1,1
375,161.5,9.1,0
376,5.4,4.4,0
377,200.5,8.1,0
378,16.3,7.5,0
379,189.9,8.7,0
380,85.0,9.8,1
381,38.8,7.2,0
382,109.5,5.5,1
383,43.8,3.6,0
384,140.0,2.1,1
385,189.9,4.5,1
386,22.1,7.9,1
387,216.8,7.7,0
388,35.7,0.2,0
389,38.5,9.3,1
390,90.9,6.9,1
391,46.0,9.8,0
392,136.2,6.8,1
393,218.8,6.0,0
394,194.9,6.7,0
395,88.4,1.4,0
396,77.6,4.0,0
397,59.3,1.5,1
398,109.7,4.4,0
399,242.1,6.7,0
400,24.6,8.9,1
401,138.9,4.1,1
402,190.5,8.5,0
403,84.3,6.9,1
404,182.5,5.8,1
405,238.9,2.9,1
406,22.9,9.1,1
407,230.7,5.1,0
408,171.4,5.4,1
409,21.5,8.7,0
410,66.6,2.2,1
411,156.7,8.0,0
412,158.2,8.6,0
413,201.5,6.6,0
414,177.8,1.1,1
415,135.2,9.5,0
416,95.9,8.1,0
417,43.2,8.0,0
418,82.1,2.4,1
419,120.3,1.1,1
420,246.9,1.9,0
421,205.0,9.9,1
422,199.8,7.2,1
423,101.5,5.6,0
424,102.4,8.0,1
425,79.1,0.2,1
426,15.3,6.6,1
427,60.6,3.9,1
428,70.1,4.6,1
429,74.4,9.9,0
430,107.7,5.4,0
431,150.3,9.0,1
432,76.5,1.5,0
433,148.1,1.6,1
434,56.3,4.3,0
435,173.8,6.9,0
436,57.6,4.7,1
437,79.8,9.0,1
438,7.0,6.8,0
439,104.4,8.7,0
440,132.2,4.5,1
441,223.0,8.2,1
442,45.3,9.9,0
443,63.0,3.9,0
444,242.3,5.6,0
445,139.6,9.7,1
446,228.8,1.0,0
447,113.8,3.8,0
448,193.5,1.4,0
449,101.3,8.2,1
450,115.8,1.8,1
451,53.1,2.4,1
452,161.6,1.2,0
453,20.1,5.9,0
454,185.8,3.2,0
455,7.4,8.5,1
456,211.0,8.3,1
457,204.7,5.5,1
458,116.8,5.6,0
459,228.9,5.5,0
460,48.3,1.1,0
461,189.5,3.6,0
462,205.1,6.2,0
463,5.5,1.3,1
464,51.4,7.1,0
465,236.3,0.1,0
466,31.9,0.8,0
467,126.1,9.8,1
468,60.9,7.4,1
469,236.2,6.0,1
470,95.9,4.1,1
471,118.5,4.9,0
472,107.8,7.1,0
473,225.8,3.0,1
474,74.9,5.1,1
475,221.4,0.8,1
476,77.9,0.9,0
477,103.3,7.8,0
478,130.7,7.2,0
479,81.7,1.8,1
480,78.7,5.9,1
481,39.0,1.9,1
482,191.7,3.9,1
483,137.3,2.7,1
484,162.8,9.8,0
485,161.6,3.3,1
486,22.9,3.3,0
487,248.4,0.2,0
488,203.0,5.3,0
489,14.1,1.2,1
490,166.0,0.9,0
491,167.9,3.9,0
492,207.7,3.7,1
493,104.3,8.2,0
494,247.9,7.5,1
495,105.7,8.8,1
496,206.5,8.5,1
497,23.7,9.2,1
498,99.1,3.6,1
499,20.3,5.5,1
500,13.9,1.3,0
501,109.0,8.9,1
502,21.1,3.1,0
503,62.1,4.5,1
504,53.2,7.9,1
505,130.6,3.3,1
506,69.6,7.0,0
507,114.7,6.6,0
508,207.4,6.4,1
509,47.5,4.1,1
510,48.9,3.8,0
511,145.8,3.7,1
512,215.8,0.9,0
513,183.8,0.9,1
514,208.5,7.2,0
515,31.4,0.2,1
516,218.2,8.9,1
517,187.6,10.0,0
518,218.1,7.4,0
519,130.6,2.1,0
520,228.8,1.0,0
521,146.9,9.9,1
522,73.7,8.8,1
523,163.3,8.0,1
524,163.8,8.3,0
525,92.4,1.5,1
526,123.8,2.8,0
527,78.8,6.0,1
528,242.9,1.6,0
529,49.1,7.4,1
530,142.1,6.7,1
531,136.3,9.3,1
532,169.3,4.5,0
533,91.9,6.0,0
534,10.5,8.6,1
535,173.7,6.7,0
536,6.0,8.7,0
537,205.9,7.6,1
538,60.9,7.6,0
539,200.0,7.0,0
540,176.2,5.3,1
541,227.9,5.5,1
542,217.4,6.4,1
543,20.8,8.0,0
544,81.1,9.0,0
545,107.1,0.8,1
546,41.2,3.0,1
547,213.4,3.4,0
548,31.6,2.4,0
549,87.7,1.7,1
550,175.9,9.1,0
551,228.5,0.6,1
552,168.8,2.2,0
553,23.1,2.6,1
554,85.5,9.5,0
555,80.6,2.2,0
556,116.5,4.9,1
557,197.4,0.2,0
558,83.9,4.3,0
559,103.9,0.0,0
560,100.3,0.6,0
561,89.6,6.1,1
562,217.6,6.3,1
563,139.1,8.8,1
564,58.1,7.1,0
565,84.0,6.4,1
566,21.9,1.3,1
567,130.9,8.6,0
568,163.0,7.7,1
569,238.9,9.6,1
570,121.6,4.4,0
571,37.1,10.0,1
572,197.9,0.2,0
573,201.1,0.8,1
574,134.7,1.3,0
575,112.0,0.5,0
576,127.1,0.4,0
577,26.6,6.7,0
578,58.4,3.5,1
579,193.4,3.2,0
580,10.7,5.4,1
581,88.4,0.8,1
582,19.9,10.0,1
583,140.9,6.8,0
584,208.2,0.1,0
585,145.7,9.6,0
586,155.9,5.0,0
587,222.5,7.3,1
588,220.0,6.8,1
589,121.9,6.4,1
590,36.1,1.0,1
591,73.0,9.2,0
592,20.6,9.7,0
593,201.3,9.0,1
594,177.1,7.6,1
595,42.8,1.1,1
596,29.5,4.9,0
597,156.3,6.1,0
598,217.8,6.6,1
599,235.1,3.7,0
600,240.8,5.6,1
601,38.5,5.7,0
602,52.9,0.1,1
603,178.2,5.4,0
604,34.7,3.0,1
605,138.3,8.8,0
606,45.2,0.2,1
607,163.7,4.5,1
608,56.5,9.3,0
609,159.5,5.3,1
610,221.8,5.7,1
611,41.7,2.5,1
612,19.8,0.4,0
613,14.3,5.1,1
614,7.9,2.5,0
615,199.9,7.6,1
616,21.0,5.4,1
617,75.3,1.0,0
618,43.6,4.8,1
619,68.4,2.3,0
620,138.7,9.2,1
621,160.2,7.6,1
622,79.9,6.3,1
623,216.4,1.5,0
624,10.3,7.3,0
625,67.5,9.5,0
626,117.7,2.1,1
627,206.0,1.9,0
628,193.6,4.0,1
629,146.9,7.2,0
630,35.8,5.5,1
631,43.4,4.0,1
632,3.1,1.3,0
633,16.8,0.2,1
634,39.6,7.0,0
635,123.2,2.7,1
636,2.1,1.2,1
637,97.9,7.7,0
638,94.3,9.1,1
639,50.7,7.5,0
640,221.4,7.4,0
641,211.1,5.4,0
642,207.6,4.3,0
643,102.6,3.5,1
644,216.8,7.8,0
645,228.0,8.9,1
646,161.7,3.3,1
647,157.6,3.2,1
648,99.6,3.8,0
649,228.4,6.5,0
650,9.0,1.9,1
651,171.4,4.4,1
652,225.4,4.0,1
653,205.7,9.6,1
654,159.2,5.8,1
655,239.3,4.7,0
656,197.0,7.2,1
657,208.3,0.5,0
658,19.9,5.4,1
659,136.4,3.0,0
660,245.6,7.3,1
661,53.8,8.4,0
662,179.6,4.6,1
663,218.7,9.7,1
664,89.4,3.4,0
665,187.8,2.0,0
666,249.5,9.7,0
667,58.8,1.7,0
668,9.3,7.4,0
669,137.0,3.6,1
670,59.9,9.7,0
671,206.8,4.0,1
672,36.9,5.4,1
673,238.3,3.7,1
674,206.1,1.0,0
675,44.9,1.6,0
676,124.4,5.2,1
677,38.1,3.7,1
678,104.6,2.0,0
679,31.8,3.3,0
680,246.4,6.7,1
681,52.3,2.4,1
682,232.6,8.9,1
683,17.4,1.3,1
684,246.2,0.1,0
685,199.2,0.4,0
686,239.6,5.7,1
687,128.7,0.5,1
688,248.0,4.2,0
689,49.2,1.8,1
690,30.6,0.6,0
691,247.0,7.2,0
692,198.2,6.6,1
693,227.6,9.9,1
694,43.3,6.9,1
695,176.9,3.5,1
696,151.4,4.8,0
697,234.3,4.2,1
698,96.9,2.5,1
699,55.2,7.3,0
700,61.4,5.7,1
701,204.3,9.8,0
702,65.5,7.3,0
703,155.7,5.1,1
704,46.0,4.4,1
705,44.6,7.1,1
706,181.1,4.1,0
707,75.8,6.1,1
708,113.6,7.6,1
709,187.2,6.2,0
710,146.8,8.5,0
711,71.4,0.8,0
712,190.9,4.7,0
713,26.2,8.5,1
714,173.7,5.2,0
715,225.3,2.0,1
716,112.2,3.3,1
717,66.8,6.8,1
718,111.2,3.6,0
719,82.5,2.1,0
720,66.6,4.8,1
721,31.6,7.8,0
722,58.7,1.3,1
723,107.3,1.0,1
724,81.2,0.6,1
725,202.0,8.0,1
726,220.4,7.8,0
727,71.1,5.9,1
728,135.7,5.4,0
729,2.2,0.3,1
730,205.7,3.4,1
731,198.0,4.8,1
732,131.5,2.5,1
733,69.2,5.0,0
734,7.1,1.2,0
735,86.5,9.0,0
736,234.6,6.0,0
737,226.2,3.5,0
738,37.1,2.8,1
739,109.1,7.0,1
740,110.9,3.6,0
741,235.0,0.9,0
742,152.4,6.4,1
743,245.4,7.4,0
744,80.0,8.1,0
745,8.6,3.6,0
746,91.7,9.1,0
747,155.5,4.9,1
748,225.8,7.7,1
749,167.5,4.8,1
750,85.8,7.3,1
751,114.0,2.3,1
752,154.4,4.3,0
753,57.0,1.4,0
754,84.0,9.2,1
755,109.2,1.3,0
756,224.1,4.1,0
757,168.1,6.9,1
758,65.3,9.3,0
759,38.3,3.5,0
760,158.8,7.5,1
761,7.3,2.8,0
762,41.5,5.0,1
763,199.5,8.2,0
764,219.2,0.5,0
765,100.7,7.5,1
766,104.1,8.9,0
767,191.8,4.5,0
768,156.2,6.6,1
769,72.8,3.0,1
770,19.5,7.9,0
771,93.5,4.2,0
772,165.0,6.3,1
773,123.7,8.3,1
774,4.2,6.0,1
775,210.8,4.0,1
776,32.2,7.9,1
777,238.9,9.5,0
778,21.7,4.4,1
779,121.0,8.8,1
780,38.4,0.5,0
781,157.7,6.4,1
782,208.5,3.4,0
783,138.4,3.4,1
784,94.2,1.5,0
785,173.0,8.8,1
786,119.9,0.5,0
787,231.9,5.0,0
788,64.6,6.6,0
789,103.9,3.6,1
790,38.7,8.4,1
791,179.0,4.9,0
792,165.0,4.6,0
793,143.2,9.4,0
794,217.8,1.0,0
795,84.9,2.1,0
796,165.8,7.2,1
797,148.0,8.6,0
798,42.1,8.5,0
799,20.3,7.5,0
800,171.7,1.7,1
801,40.4,7.5,1
802,184.7,1.8,0
803,12.1,7.1,1
804,99.7,9.9,0
805,53.6,4.5,0
806,95.5,6.0,0
807,99.6,8.7,0
808,213.8,2.5,0
809,40.5,6.8,0
810,149.4,3.7,0
811,244.1,9.2,1
812,61.5,5.5,1
813,46.5,4.3,1
814,168.1,6.1,1
815,227.7,4.6,0
816,151.7,4.3,1
817,21.2,1.5,0
818,81.5,2.4,0
819,156.3,5.3,1
820,111.7,2.9,1
821,43.1,7.8,0
822,93.9,5.3,0
823,213.7,9.0,1
824,202.6,0.0,1
825,147.2,4.9,1
826,214.0,9.5,1
827,130.3,8.3,0
828,67.3,4.1,0
829,87.9,1.4,1
830,135.3,0.1,0
831,36.8,1.5,0
832,106.0,0.4,0
833,245.9,2.4,1
834,106.8,8.7,0
835,231.0,6.3,1
836,83.9,0.0,1
837,132.9,7.9,0
838,124.4,5.4,1
839,237.1,4.7,1
840,37.8,1.3,1
841,161.0,5.6,1
842,131.9,9.9,0
843,6.2,1.6,1
844,3.3,3.1,0
845,37.5,5.3,1
846,81.7,4.4,0
847,121.7,2.2,0
848,56.9,4.7,1
849,128.3,1.4,1
850,64.8,6.7,1
851,118.7,0.4,1
852,58.6,2.4,0
853,179.8,9.4,0
854,66.5,6.6,1
855,84.0,6.0,0
856,161.0,1.0,0
857,206.9,7.8,1
858,109.6,9.8,0
859,167.2,4.6,1
860,178.3,5.5,0
861,125.2,8.4,0
862,224.9,1.8,0
863,246.1,4.6,0
864,82.7,4.4,1
865,120.2,8.9,1
866,85.8,3.6,1
867,208.2,7.3,0
868,60.7,8.7,0
869,19.8,0.3,1
870,201.2,0.2,1
871,98.1,4.5,1
872,81.5,5.2,0
873,219.7,1.1,1
874,40.8,4.4,1
875,159.3,0.1,0
876,164.2,3.0,1
877,242.0,4.4,0
878,14.9,7.7,0
879,71.6,3.8,1
880,241.1,7.7,0
881,58.7,4.0,0
882,95.8,1.5,0
883,189.3,4.0,0
884,205.5,4.1,1
885,112.9,7.2,1
886,10.8,7.1,0
887,216.1,5.4,1
888,41.7,6.1,1
889,232.7,8.8,0
890,136.7,2.7,0
891,179.4,4.8,0
892,237.2,4.3,0
893,106.7,9.9,0
894,6.3,7.9,1
895,210.6,9.1,1
896,146.8,1.3,0
897,119.5,0.4,0
898,70.7,0.7,1
899,170.2,5.3,0
900,132.0,0.9,1
901,53.2,8.5,1
902,37.1,3.2,1
903,136.3,3.4,0
904,111.4,6.7,0
905,114.2,9.6,0
906,189.2,1.6,1
907,97.1,4.5,0
908,189.0,1.5,1
909,213.2,8.4,1
910,93.8,2.7,1
911,236.2,5.5,1
912,96.8,0.4,1
913,82.2,8.1,1
914,121.0,1.9,1
915,27.0,2.8,0
916,121.3,2.0,0
917,150.7,0.8,0
918,106.0,2.8,1
919,248.5,5.1,1
920,117.4,2.9,0
921,143.3,0.9,1
922,144.5,5.6,0
923,221.0,8.4,1
924,158.0,1.6,0
925,130.3,4.9,1
926,7.4,7.0,0
927,22.1,5.7,1
928,74.1,8.9,1
929,97.6,4.3,0
930,201.9,2.9,0
931,71.2,1.4,1
932,135.0,8.9,1
933,197.2,7.0,0
934,59.5,0.3,0
935,212.4,2.4,0
936,119.1,3.2,0
937,112.2,9.1,1
938,201.2,7.8,1
939,154.2,0.2,0
940,180.6,0.4,1
941,57.1,6.2,0
942,54.1,7.5,0
943,245.7,0.8,0
944,8.9,6.1,0
945,199.1,3.4,1
946,101.0,3.3,1
947,102.9,5.6,0
948,179.9,7.5,1
949,113.9,5.8,0
950,110.6,1.0,1
951,179.7,5.6,0
952,175.3,4.7,0
953,234.9,2.3,0
954,237.9,8.7,0
955,161.8,7.2,0
956,66.1,0.3,1
957,69.6,6.9,0
958,75.6,8.0,1
959,47.2,9.0,1
960,69.1,1.4,0
961,11.0,7.9,0
962,48.0,3.6,0
963,174.4,2.9,1
964,163.8,2.0,1
965,43.7,7.4,1
966,26.4,8.7,0
967,220.0,6.5,0
968,90.8,9.9,0
969,137.7,2.4,0
970,193.5,9.6,0
971,211.2,5.3,1
972,54.0,3.3,1
973,33.3,1.9,0
974,187.3,9.0,0
975,178.4,5.1,1
976,105.7,6.6,0
977,142.4,3.0,1
978,131.1,2.7,0
979,146.5,4.8,0
980,106.9,9.1,0
981,229.5,8.5,0
982,178.1,1.3,0
983,13.6,3.0,0
984,166.8,0.3,1
985,143.2,3.2,0
986,92.3,9.6,1
987,239.0,3.7,0
988,66.5,6.5,1
989,71.9,5.4,0
990,202.8,6.2,1
991,199.6,0.2,1
992,150.5,8.3,1
993,147.9,3.0,0
994,235.0,1.6,0
995,225.6,1.5,0
996,123.8,7.6,0
997,161.2,8.4,0
998,63.5,3.5,1
999,124.8,3.6,1
1000,158.4,7.4,0
1001,65.0,7.8,1
1002,85.6,3.3,1
1003,225.2,3.7,1
1004,15.1,7.8,0
1005,90.4,0.6,0
1006,44.9,0.7,1
1007,147.0,9.1,1
1008,112.5,6.4,0
1009,195.5,3.1,0
1010,39.0,0.5,0
1011,93.5,8.7,0
1012,101.8,3.9,0
1013,163.0,3.1,0
1014,226.8,0.9,1
1015,60.8,1.5,1
1016,243.2,2.0,1
1017,231.0,9.5,1
1018,194.1,5.6,0
1019,172.2,0.5,0
1020,190.9,4.2,1
1021,87.6,8.7,1
1022,199.1,4.9,0
1023,61.6,4.6,0
1024,69.8,1.1,0
1025,210.4,8.0,0
1026,192.0,5.7,1
1027,126.2,8.5,1
1028,120.6,8.9,0
1029,234.3,4.6,0
1030,158.9,7.7,0
1031,68.2,7.3,0
1032,144.2,3.7,1
1033,80.9,0.3,0
1034,155.9,0.8,0
1035,26.6,7.1,0
1036,151.3,7.7,1
1037,232.1,0.1,1
1038,102.6,0.9,1
1039,221.7,8.5,0
1040,7.2,9.6,1
1041,190.6,3.8,1
1042,55.5,9.1,1
1043,197.8,4.0,0
1044,132.6,2.5,0
1045,214.5,3.8,1
1046,229.6,2.9,0
1047,155.2,1.0,0
1048,185.3,8.4,1
1049,13.1,3.1,1
1050,99.8,3.6,1
1051,249.2,9.4,0
1052,33.3,5.6,1
1053,103.3,8.0,1
1054,79.8,8.5,1
1055,128.8,7.8,0
1056,148.4,7.4,1
1057,219.9,9.5,0
1058,221.7,4.4,0
1059,246.9,9.2,1
1060,128.7,6.0,0
1061,102.6,9.5,0
1062,216.5,6.3,0
1063,11.7,0.5,1
1064,40.5,8.0,0
1065,137.8,6.8,1
1066,120.7,10.0,1
1067,234.3,8.6,0
1068,73.0,8.4,0
1069,197.8,7.4,0
1070,6.2,2.0,0
1071,37.9,6.9,0
1072,13.8,2.8,0
1073,10.2,9.5,0
1074,235.6,6.9,1
1075,190.8,4.9,0
1076,127.1,0.6,1
1077,239.6,8.4,0
1078,216.6,4.0,1
1079,68.7,5.1,1
1080,203.5,3.4,0
1081,3.7,1.5,1
1082,68.6,1.8,1
1083,236.0,5.0,0
1084,230.5,5.7,1
1085,95.6,1.3,0
1086,196.8,9.5,0
1087,188.5,0.1,0
1088,226.4,3.9,1
1089,55.6,4.0,1
1090,107.9,2.3,1
1091,193.4,0.7,1
1092,174.6,7.1,0
1093,94.6,0.9,0
1094,177.8,0.2,0
1095,91.3,8.4,1
1096,211.4,6.0,0
1097,157.5,6.3,1
1098,165.5,8.1,1
1099,51.4,0.1,0
1100,115.3,0.6,1
1101,177.3,0.7,1
1102,85.4,6.8,1
1103,54.4,3.6,1
1104,237.0,6.8,0
1105,14.5,7.1,1
1106,87.5,1.4,0
1107,94.6,6.2,0
1108,206.6,7.6,0
1109,135.8,9.7,1
1110,38.2,0.9,0
1111,97.9,6.6,1
1112,138.9,2.3,0
1113,206.0,8.4,1
1114,204.5,6.1,0
1115,185.2,0.3,1
1116,89.1,8.4,1
1117,189.6,6.1,1
1118,94.4,5.8,0
1119,195.3,5.8,1
1120,74.9,4.6,1
1121,235.1,0.3,0
1122,139.8,7.1,0
1123,50.8,0.8,0
1124,209.7,6.0,1
1125,112.5,3.1,1
1126,118.2,7.1,0
1127,153.0,5.4,1
1128,207.3,9.2,0
1129,33.2,5.9,1
1130,113.2,5.6,1
1131,224.6,6.8,0
1132,130.6,0.8,0
1133,247.8,6.2,1
1134,169.3,8.8,0
1135,30.9,8.7,0
1136,58.2,6.4,0
1137,30.5,3.4,0
1138,73.6,8.4,1
1139,17.9,8.4,1
1140,113.4,8.4,1
1141,242.9,6.1,1
1142,185.2,9.6,1
1143,102.3,6.3,1
1144,81.9,5.8,1
1145,13.4,7.1,1
1146,213.1,5.2,0
1147,209.9,9.0,0
1148,20.6,3.1,1
1149,211.7,8.9,1
1150,164.6,5.7,0
1151,134.1,4.7,1
1152,170.3,6.7,0
1153,178.3,2.5,0
1154,101.8,6.0,1
1155,49.5,8.8,1
1156,19.6,3.2,1
1157,85.1,4.0,0
1158,202.3,2.3,1
1159,89.3,2.4,0
1160,194.0,5.6,0
1161,93.7,2.1,0
1162,243.1,0.1,0
1163,178.2,7.6,1
1164,154.2,5.4,1
1165,150.9,3.5,1
1166,128.3,1.2,0
1167,239.3,6.6,1
1168,5.3,7.6,1
1169,81.0,5.6,1
1170,163.5,1.5,0
1171,112.8,4.2,1
1172,217.8,2.6,1
1173,27.9,8.5,0
1174,83.4,5.7,0
1175,238.1,1.8,1
1176,68.6,7.8,0
1177,34.5,8.9,1
1178,60.2,8.8,1
1179,246.8,3.1,1
1180,11.3,6.6,1
1181,247.3,4.2,0
1182,243.3,6.4,1
1183,19.8,4.8,1
1184,110.0,1.8,1
1185,232.1,1.8,0
1186,247.9,7.4,0
1187,210.8,5.5,0
1188,95.0,1.3,0
1189,142.0,7.4,1
1190,71.5,9.7,0
1191,96.5,6.5,0
1192,102.9,7.8,0
1193,36.5,3.3,0
1194,112.2,1.1,1
1195,156.7,3.4,1
1196,46.9,1.0,1
1197,212.8,6.9,0
1198,223.7,4.4,1
1199,112.3,2.1,0
1200,31.6,8.2,0
1201,18.4,3.8,0
1202,210.0,5.6,0
1203,104.5,8.4,1
1204,102.5,7.4,1
1205,230.4,7.2,0
1206,246.4,4.1,0
1207,68.1,7.7,1
1208,16.2,7.1,1
1209,21.6,0.5,1
1210,247.9,8.4,0
1211,97.7,0.7,0
1212,226.3,4.9,0
1213,17.5,5.7,0
1214,112.7,5.3,0
1215,9.9,2.9,0
1216,151.1,5.5,0
1217,198.5,1.6,0
1218,131.5,3.7,0
1219,78.2,2.3,0
1220,41.8,1.6,1
1221,201.7,6.7,0
1222,53.4,4.8,1
1223,149.7,5.6,0
1224,184.1,8.5,0
1225,149.7,8.1,0
1226,93.6,0.4,0
1227,37.1,4.2,1
1228,227.1,5.6,1
1229,110.8,8.4,1
1230,228.0,7.3,1
1231,2.2,7.7,0
1232,160.9,7.9,0
1233,107.2,9.1,0
1234,187.7,9.4,1
1235,164.5,5.1,1
1236,163.6,7.2,1
1237,233.9,5.8,0
1238,144.4,0.6,0
1239,16.3,0.6,0
1240,95.7,9.2,0
1241,68.3,7.1,1
1242,119.5,1.2,0
1243,103.2,2.7,0
1244,37.0,7.9,0
1245,212.6,0.4,0
1246,245.0,2.3,1
1247,145.4,9.4,1
1248,19.2,8.2,1
1249,7.8,5.1,1
1250,176.0,7.0,1
1251,28.6,7.8,0
1252,69.7,7.7,1
1253,208.0,0.7,0
1254,60.8,2.8,1
1255,117.8,5.4,0
1256,214.7,6.5,0
1257,44.8,6.6,0
1258,151.2,2.3,1
1259,28.6,5.0,0
1260,24.1,7.5,1
1261,52.1,3.2,1
1262,227.6,5.7,0
1263,240.2,1.4,0
1264,85.3,0.3,1
1265,103.7,6.1,1
1266,116.8,4.1,0
1267,25.7,8.8,0
1268,227.6,3.3,1
1269,102.7,8.2,0
1270,142.1,3.6,1
1271,202.3,10.0,0
1272,133.2,1.7,1
1273,27.7,1.1,1
1274,34.6,7.0,0
1275,175.9,0.3,1
1276,96.2,6.9,0
1277,184.1,5.7,1
1278,82.8,4.3,0
1279,67.6,8.2,0
1280,216.4,0.8,1
1281,133.0,9.5,0
1282,183.8,4.9,0
1283,160.4,3.4,0
1284,136.6,1.3,0
1285,160.8,6.3,0
1286,19.1,0.8,1
1287,13.7,2.8,1
1288,100.6,8.1,0
1289,76.8,5.6,0
1290,101.4,3.3,1
1291,86.7,4.0,1
1292,38.1,8.3,0
1293,146.3,8.7,0
1294,236.0,9.8,1
1295,4.9,8.8,0
1296,52.4,8.2,1
1297,148.2,5.3,0
1298,105.4,1.6,0
1299,64.0,2.1,1
1300,214.1,8.9,0
1301,111.4,0.8,1
1302,165.8,2.2,0
1303,96.7,5.2,1
1304,225.1,1.9,0
1305,229.2,6.8,0
1306,75.7,2.3,0
1307,104.0,4.0,0
1308,208.8,8.2,0
1309,90.4,0.3,0
1310,209.1,4.0,0
1311,216.3,1.4,0
1312,155.0,7.8,1
1313,150.7,8.3,0
1314,67.2,0.7,0
1315,225.3,2.5,1
1316,149.7,2.9,0
1317,163.2,5.0,0
1318,178.6,6.4,0
1319,230.5,9.8,0
1320,210.8,4.4,0
1321,135.9,5.4,0
1322,63.9,5.8,1
1323,82.2,3.3,0
1324,60.2,5.0,1
1325,75.8,7.0,0
1326,207.9,8.4,0
1327,216.6,2.8,1
1328,65.3,4.2,0
1329,167.8,5.6,0
1330,185.2,2.2,0
1331,21.9,6.5,0
1332,186.0,8.7,1
1333,56.3,1.4,1
1334,45.3,2.9,0
1335,194.8,1.4,0
1336,220.7,1.5,0
1337,213.1,1.9,0
1338,190.1,2.4,0
1339,90.1,5.6,1
1340,74.3,8.6,0
1341,178.6,1.9,1
1342,26.4,7.4,1
1343,218.6,6.2,0
1344,215.6,2.8,0
1345,164.5,9.8,0
1346,88.3,6.0,1
1347,13.6,1.8,1
1348,175.9,0.4,0
1349,62.1,5.8,1
1350,170.5,5.1,0
1351,124.7,2.3,1
1352,162.8,8.9,1
1353,171.7,6.9,0
1354,183.9,8.5,1
1355,71.4,3.7,1
1356,94.0,1.9,0
1357,208.4,6.0,0
1358,136.9,5.7,0
1359,139.8,1.5,1
1360,188.1,6.8,1
1361,54.4,0.2,0
1362,73.8,4.0,1
1363,43.8,5.5,1
1364,135.1,6.9,1
1365,192.5,0.1,1
1366,13.4,5.8,1
1367,47.3,7.6,0
1368,22.4,4.2,1
1369,76.5,6.6,0
1370,236.5,6.2,0
1371,41.7,5.1,0
1372,106.3,3.8,1
1373,8.6,4.5,0
1374,48.6,3.6,1
1375,103.1,4.7,1
1376,33.1,5.3,1
1377,179.3,9.0,1
1378,213.4,9.7,0
1379,26.6,2.8,1
1380,170.6,7.3,0
1381,79.1,5.5,0
1382,228.8,2.8,0
1383,234.2,0.1,0
1384,196.9,1.5,0
1385,167.9,6.0,1
1386,160.2,6.9,0
1387,177.9,4.3,0
1388,168.4,9.2,0
1389,248.0,1.0,0
1390,88.4,5.9,0
1391,125.8,9.2,0
1392,172.2,4.7,1
1393,224.6,0.5,0
1394,56.8,2.0,0
1395,214.1,6.7,1
1396,158.2,0.1,0
1397,24.5,1.0,0
1398,242.5,7.7,1
1399,151.6,3.0,1
1400,241.3,6.9,0
1401,41.8,8.6,0
1402,46.5,6.6,0
1403,239.7,7.9,1
1404,72.1,3.1,0
1405,155.2,4.7,1
1406,59.3,8.8,1
1407,141.8,6.8,1
1408,157.9,0.7,0
1409,159.2,7.5,0
1410,110.9,0.2,0
1411,233.8,9.1,0
1412,151.3,9.8,1
1413,86.3,3.5,0
1414,14.8,4.9,1
1415,85.8,0.6,0
1416,189.9,7.1,1
1417,131.7,6.1,0
1418,108.8,1.6,0
1419,156.4,0.9,0
1420,87.4,2.3,0
1421,161.4,8.2,0
1422,141.8,2.7,1
1423,125.1,3.0,0
1424,96.5,4.5,0
1425,156.3,7.3,1
1426,148.1,7.4,0
1427,143.9,2.6,1
1428,67.7,1.6,0
1429,114.7,4.2,1
1430,110.6,8.4,1
1431,130.3,1.1,0
1432,60.8,8.8,1
1433,189.3,7.8,0
1434,77.5,6.7,1
1435,81.0,6.5,1
1436,141.2,8.1,1
1437,163.6,4.8,1
1438,23.1,9.9,1
1439,191.7,8.7,0
1440,212.6,0.4,1
1441,81.6,8.4,1
1442,20.4,7.6,1
1443,228.2,4.8,0
1444,198.4,3.2,0
1445,191.9,3.4,0
1446,66.9,4.3,1
1447,190.6,1.9,1
1448,123.1,8.2,1
1449,150.8,0.5,1
1450,15.2,3.8,1
1451,71.4,9.0,0
1452,92.7,5.9,1
1453,25.1,3.7,1
1454,197.1,5.0,1
1455,41.3,8.2,0
1456,93.0,0.5,1
1457,79.9,1.2,1
1458,245.5,2.8,0
1459,47.3,2.8,1
1460,163.2,1.4,1
1461,13.2,9.6,1
1462,164.1,6.5,0
1463,153.6,9.7,0
1464,195.9,2.5,1
1465,188.9,0.2,0
1466,123.7,2.6,1
1467,42.0,6.9,0
1468,91.0,9.1,1
1469,124.2,5.3,0
1470,115.5,2.0,1
1471,36.8,7.3,0
1472,152.3,0.6,1
1473,171.8,8.1,0
1474,118.1,4.5,1
1475,148.0,1.0,0
1476,33.1,2.1,0
1477,17.1,0.9,1
1478,95.7,0.2,0
1479,58.2,2.8,1
1480,49.0,8.9,0
1481,182.9,7.2,1
1482,16.2,0.2,1
1483,147.5,5.3,0
1484,203.7,6.6,0
1485,6.6,7.2,0
1486,244.1,6.4,0
1487,158.7,5.6,0
1488,69.0,7.1,1
1489,69.0,5.7,1
1490,229.9,6.4,1
1491,214.4,9.9,0
1492,117.6,0.3,1
1493,87.6,5.4,1
1494,232.9,5.9,1
1495,35.9,0.5,0
1496,11.2,6.4,0
1497,237.9,2.7,1
1498,97.2,6.1,1
1499,97.3,8.1,0
1500,127.2,7.8,0
1501,74.0,1.2,1
1502,178.9,3.2,0
1503,190.5,4.2,1
1504,40.9,1.7,1
1505,64.1,8.1,1
1506,61.7,1.3,0
1507,143.7,2.2,0
1508,53.6,5.3,1
1509,170.1,0.2,0
1510,115.0,5.3,1
1511,76.4,0.3,0
1512,105.1,5.5,0
1513,158.2,0.6,1
1514,175.4,5.1,0
1515,66.9,4.9,1
1516,20.8,6.4,0
1517,185.5,2.2,0
1518,38.7,2.1,0
1519,220.7,2.5,0
1520,13.6,6.6,0
1521,2.8,5.2,1
1522,81.9,9.7,0
1523,138.7,3.5,0
1524,118.4,1.7,1
1525,126.4,1.1,1
1526,185.8,1.9,1
1527,165.9,4.3,0
1528,217.0,9.2,0
1529,137.7,3.3,1
1530,11.1,10.0,1
1531,75.9,3.7,0
1532,57.6,9.7,0
1533,75.9,5.4,1
1534,243.8,5.3,0
1535,8.6,9.8,0
1536,2.8,8.0,0
1537,238.0,3.9,0
1538,109.4,7.5,0
1539,15.6,7.0,1
1540,65.7,6.8,1
1541,241.9,0.7,0
1542,106.7,6.6,0
1543,191.1,0.7,1
1544,79.0,6.8,1
1545,225.8,0.4,0
1546,189.8,6.1,0
1547,149.1,3.7,1
1548,91.5,5.2,0
1549,61.3,8.8,1
1550,152.5,7.0,1
1551,143.3,6.0,0
1552,184.8,7.7,0
1553,193.1,1.3,0
1554,56.7,8.6,1
1555,190.7,8.5,0
1556,176.5,6.5,0
1557,27.4,1.4,1
1558,143.6,0.3,1
1559,178.2,3.0,1
1560,106.7,3.9,0
1561,177.6,9.9,1
1562,128.4,3.9,1
1563,137.6,5.5,0
1564,128.6,4.9,0
1565,247.3,9.2,1
1566,197.7,4.7,1
1567,153.5,3.1,1
1568,101.3,4.6,0
1569,15.7,7.8,0
1570,191.0,0.0,1
1571,107.2,8.4,1
1572,239.8,9.8,0
1573,29.5,1.0,0
1574,211.7,0.7,0
1575,41.5,0.9,0
1576,96.4,6.4,0
1577,40.8,3.9,0
1578,80.5,9.7,0
1579,46.2,3.6,0
1580,201.4,1.9,0
1581,62.8,5.7,0
1582,249.8,6.6,1
1583,163.8,3.5,1
1584,102.3,6.1,0
1585,229.7,3.1,1
1586,165.0,5.4,0
1587,59.8,0.6,0
1588,89.0,8.3,1
1589,1.3,6.6,0
1590,192.4,3.8,1
1591,51.4,9.8,1
1592,120.6,3.5,1
1593,149.4,8.9,1
1594,136.5,2.2,0
1595,68.2,5.1,0
1596,134.1,7.6,0
1597,73.6,1.7,0
1598,201.3,5.9,1
1599,108.1,2.8,1
1600,70.2,9.1,0
1601,58.8,4.6,1
1602,70.9,7.9,1
1603,106.7,7.9,1
1604,61.2,2.4,0
1605,77.2,9.4,1
1606,224.4,1.7,1
1607,235.0,3.3,0
1608,242.2,3.8,1
1609,23.3,4.0,0
1610,192.1,9.6,1
1611,111.7,7.7,0
1612,115.6,2.9,1
1613,18.4,5.0,1
1614,86.8,3.5,1
1615,243.5,4.5,0
1616,122.9,4.7,1
1617,44.6,1.5,0
1618,4.4,3.3,0
1619,9.3,7.8,1
1620,183.1,0.5,1
1621,2.7,4.8,1
1622,36.2,5.4,1
1623,249.6,1.3,1
1624,186.1,2.5,1
1625,15.8,7.5,0
1626,106.7,9.2,0
1627,164.9,8.7,0
1628,128.2,9.0,0
1629,248.3,4.4,0
1630,244.6,0.8,0
1631,246.8,3.9,1
1632,46.9,3.9,1
1633,121.4,3.8,1
1634,2.6,2.4,1
1635,226.2,4.6,0
1636,135.5,3.1,1
1637,234.6,6.1,0
1638,225.0,9.2,0
1639,83.0,0.9,1
1640,138.5,5.2,1
1641,60.9,0.2,0
1642,180.7,6.2,1
1643,219.3,2.0,0
1644,86.5,3.3,1
1645,70.0,0.3,1
1646,62.9,0.9,0
1647,128.4,7.9,0
1648,84.5,9.9,1
1649,155.6,5.0,0
1650,165.9,4.7,0
1651,86.7,4.7,1
1652,230.5,5.2,1
1653,103.1,8.1,1
1654,56.7,0.7,1
1655,231.2,3.2,0
1656,12.5,3.8,0
1657,138.1,1.8,0
1658,122.9,4.7,1
1659,158.0,3.8,1
1660,31.8,1.6,0
1661,162.4,4.9,0
1662,44.8,6.3,0
1663,242.5,6.6,1
1664,240.3,6.5,1
1665,234.3,2.4,1
1666,240.3,1.6,0
1667,44.4,3.0,1
1668,198.0,0.5,0
1669,87.5,5.5,1
1670,217.4,8.5,1
1671,48.9,9.2,1
1672,219.9,8.2,1
1673,187.2,7.6,1
1674,223.1,0.2,0
1675,66.9,5.3,1
1676,99.6,7.1,0
1677,51.5,4.2,1
1678,195.6,4.6,1
1679,242.7,8.9,0
1680,150.6,8.0,0
1681,178.7,1.9,1
1682,47.6,2.5,1
1683,220.6,3.5,0
1684,226.4,3.2,1
1685,163.3,2.0,0
1686,48.6,0.4,0
1687,163.0,2.5,1
1688,180.7,0.4,1
1689,139.5,6.8,1
1690,208.7,9.7,0
1691,190.4,0.2,0
1692,199.2,1.5,1
1693,199.5,0.9,1
1694,14.1,5.0,0
1695,116.1,4.5,1
1696,249.3,6.6,1
1697,170.5,5.0,0
1698,228.4,4.8,0
1699,220.5,7.0,0
1700,131.0,4.2,0
1701,216.5,4.2,0
1702,231.6,1.4,1
1703,164.6,2.0,0
1704,138.8,4.6,1
1705,15.6,8.7,0
1706,16.4,2.8,1
1707,180.6,5.5,1
1708,241.2,9.5,1
1709,69.1,0.7,0
1710,232.1,2.4,0
1711,108.8,9.8,1
1712,1.3,9.5,1
1713,152.4,2.9,1
1714,97.6,6.8,0
1715,172.5,8.9,1
1716,15.3,5.6,0
1717,58.5,0.1,0
1718,153.4,2.9,0
1719,70.2,4.8,1
1720,84.0,4.1,0
1721,143.8,6.4,1
1722,153.4,3.7,1
1723,87.2,9.6,1
1724,185.1,3.3,1
1725,106.8,9.1,1
1726,220.2,5.0,1
1727,37.9,2.6,0
1728,210.2,8.9,1
1729,172.1,4.6,1
1730,222.8,2.9,0
1731,10.3,2.7,1
1732,14.4,6.0,1
1733,66.3,2.1,1
1734,82.1,5.7,1
1735,14.0,1.8,1
1736,121.5,6.2,1
1737,30.9,6.2,1
1738,85.0,3.0,1
1739,31.9,3.8,1
1740,39.7,3.5,1
1741,54.4,2.1,0
1742,147.2,4.0,1
1743,162.3,8.5,1
1744,121.0,2.0,0
1745,219.4,3.1,1
1746,29.6,6.0,0
1747,121.9,1.2,0
1748,20.9,9.2,1
1749,109.4,8.1,1
1750,52.3,6.0,1
1751,60.0,3.9,1
1752,92.0,1.5,0
1753,52.1,8.2,0
1754,87.5,9.1,1
1755,65.7,5.9,1
1756,162.8,0.3,1
1757,28.6,4.1,1
1758,234.7,3.2,0
1759,37.5,3.6,0
1760,160.9,2.4,1
1761,189.5,5.3,0
1762,69.5,7.9,0
1763,120.4,9.9,0
1764,132.9,0.4,1
1765,44.7,1.6,1
1766,63.1,8.6,1
1767,178.5,1.8,1
1768,214.6,5.0,0
1769,240.7,1.4,0
1770,98.5,3.0,0
1771,179.1,8.3,0
1772,172.8,6.5,1
1773,59.5,9.7,0
1774,244.4,3.1,0
1775,191.9,3.8,1
1776,237.6,7.0,1
1777,133.5,5.1,1
1778,77.7,2.2,0
1779,241.7,3.8,1
1780,219.2,1.0,1
1781,14.9,1.9,1
1782,54.7,3.9,1
1783,120.1,7.6,0
1784,247.2,5.7,1
1785,231.5,0.6,1
1786,102.3,8.4,1
1787,241.2,6.8,0
1788,32.8,3.6,0
1789,232.3,9.0,0
1790,70.4,7.9,0
1791,189.9,5.1,0
1792,103.2,7.3,0
1793,45.8,0.8,0
1794,145.5,8.3,1
1795,245.5,3.3,1
1796,182.8,4.1,1
1797,225.3,4.3,1
1798,149.5,3.2,0
1799,8.4,4.8,0
1800,19.1,5.5,1
1801,190.5,7.0,1
1802,73.9,5.0,1
1803,201.1,9.1,1
1804,121.5,6.7,0
1805,58.8,7.7,0
1806,145.5,6.5,1
1807,17.4,1.3,1
1808,102.2,3.4,1
1809,194.8,9.6,1
1810,158.1,4.3,0
1811,179.1,9.8,0
1812,1.3,0.0,0
1813,64.6,5.1,0
1814,203.9,1.6,1
1815,228.8,1.7,1
1816,22.1,5.4,1
1817,167.0,0.1,1
1818,236.5,5.0,1
1819,79.8,4.0,0
1820,10.4,4.4,1
1821,204.6,7.2,0
1822,227.2,7.2,1
1823,59.7,1.1,0
1824,176.8,3.5,1
1825,17.5,3.1,0
1826,51.4,7.0,1
1827,204.2,2.4,0
1828,110.7,4.0,0
1829,53.5,3.5,0
1830,110.7,5.3,0
1831,137.2,2.0,0
1832,145.3,7.1,0
1833,58.3,6.7,1
1834,249.0,8.1,0
1835,13.2,8.3,0
1836,64.4,7.5,1
1837,107.8,3.7,1
1838,173.9,9.2,1
1839,94.4,0.7,0
1840,92.0,9.0,0
1841,217.5,0.3,1
1842,198.7,0.4,1
1843,131.5,6.8,0
1844,117.0,2.3,1
1845,100.4,2.1,0
1846,44.8,4.8,0
1847,109.4,0.0,0
1848,52.3,2.5,1
1849,244.2,5.7,0
1850,196.2,7.2,0
1851,181.8,4.2,1
1852,51.0,8.0,0
1853,229.2,3.0,0
1854,47.2,7.3,1
1855,191.3,1.6,1
1856,143.0,3.6,0
1857,86.6,3.2,0
1858,34.4,4.8,0
1859,163.9,3.7,0
1860,154.5,0.6,0
1861,237.9,4.1,0
1862,138.8,2.1,1
1863,139.0,5.5,0
1864,44.3,7.7,1
1865,51.4,6.9,0
1866,13.5,5.1,0
1867,46.4,5.2,0
1868,245.7,6.0,0
1869,48.7,6.2,0
1870,105.3,6.6,0
1871,210.9,2.4,1
1872,140.8,8.2,0
1873,187.1,4.0,0
1874,207.3,6.9,1
1875,139.4,6.2,0
1876,14.9,0.1,0
1877,60.5,7.1,0
1878,133.5,5.8,0
1879,23.3,4.3,1
1880,192.0,1.4,0
1881,54.2,5.4,0
1882,202.5,2.0,1
1883,182.0,1.4,1
1884,10.4,2.8,0
1885,89.2,2.7,1
1886,152.6,6.1,1
1887,76.5,8.1,0
1888,51.0,4.8,1
1889,126.3,9.3,0
1890,35.6,8.3,0
1891,16.5,9.2,1
1892,166.8,10.0,1
1893,191.5,3.3,1
1894,33.5,8.0,1
1895,85.0,8.4,1
1896,203.8,5.4,1
1897,180.2,4.5,1
1898,61.4,6.6,1
1899,239.0,7.9,0
1900,29.1,5.3,0
1901,65.2,3.6,1
1902,169.5,7.0,0
1903,187.2,9.6,0
1904,192.7,8.8,0
1905,133.7,0.1,0
1906,43.5,0.2,1
1907,227.3,8.5,1
1908,42.8,2.2,0
1909,125.5,2.0,0
1910,171.8,1.6,1
1911,45.5,6.1,1
1912,158.2,9.0,1
1913,199.3,3.5,1
1914,15.0,6.7,1
1915,88.9,0.1,0
1916,247.9,6.9,1
1917,81.5,1.9,1
1918,138.3,7.5,0
1919,183.4,1.9,1
1920,126.0,9.2,0
1921,25.3,8.8,0
1922,150.1,5.0,1
1923,136.0,9.8,1
1924,219.9,0.8,1
1925,85.7,2.4,1
1926,50.3,6.1,1
1927,92.6,3.2,0
1928,129.6,6.8,1
1929,220.8,2.8,0
1930,72.7,5.6,0
1931,195.4,9.5,0
1932,150.9,6.0,1
1933,188.0,7.6,0
1934,9.4,8.7,1
1935,76.5,0.1,1
1936,160.2,6.4,0
1937,130.2,0.2,0
1938,243.0,2.7,0
1939,99.4,5.0,1
1940,209.1,3.4,1
1941,22.5,6.4,0
1942,149.2,4.0,0
1943,212.3,5.6,0
1944,220.1,2.8,1
1945,164.0,9.5,0
1946,181.5,3.3,1
1947,56.3,4.4,1
1948,87.3,6.1,0
1949,237.8,3.5,1
1950,53.1,1.2,1
1951,200.9,6.2,1
1952,216.3,9.3,1
1953,222.2,2.7,1
1954,184.1,9.1,0
1955,41.4,8.3,0
1956,229.3,5.3,0
1957,185.3,0.9,0
1958,23.6,0.2,1
1959,248.6,8.5,1
1960,212.4,3.7,0
1961,164.7,0.3,0
1962,154.8,0.5,0
1963,226.2,6.5,0
1964,65.7,2.9,1
1965,98.1,5.4,1
1966,45.2,9.0,1
1967,164.8,6.0,0
1968,119.2,4.2,1
1969,129.4,7.4,0
1970,244.9,7.3,1
1971,176.7,6.7,0
1972,36.8,2.4,0
1973,105.9,6.8,1
1974,115.6,3.0,1
1975,240.3,6.4,1
1976,14.0,4.6,0
1977,27.1,9.8,0
1978,218.9,3.1,1
1979,5.7,9.0,0
1980,44.4,2.2,0
1981,77.7,1.8,0
1982,150.6,4.8,1
1983,32.2,5.3,0
1984,223.5,8.3,1
1985,3.8,6.3,1
1986,150.4,1.8,1
1987,128.1,6.3,1
1988,24.6,9.1,0
1989,123.5,8.2,1
1990,121.3,2.5,1
1991,127.3,1.0,0
1992,181.5,7.2,0
1993,248.0,6.6,0
1994,136.5,7.7,0
1995,139.3,2.0,0
1996,1.9,5.9,0
1997,92.5,2.1,0
1998,112.3,8.1,1
1999,178.0,2.9,1
2000,224.3,0.3,1
2001,50.5,1.7,1
2002,32.7,9.4,1
2003,242.2,5.0,1
2004,225.7,9.3,0
2005,184.8,9.4,0
2006,121.8,2.9,1
2007,227.2,8.2,1
2008,118.5,6.0,0
2009,221.8,7.5,0
2010,102.3,7.1,0
2011,201.0,6.7,0
2012,151.2,9.3,1
2013,20.4,5.5,0
2014,237.3,6.3,1
2015,210.6,4.2,1
2016,139.2,8.8,1
2017,156.5,4.6,1
2018,61.2,1.4,1
2019,215.2,5.1,0
2020,42.5,4.1,1
2021,108.6,1.5,0
2022,149.3,5.3,0
2023,89.4,8.0,1
2024,32.3,1.8,0
2025,71.8,2.3,1
2026,64.4,0.3,1
2027,159.8,1.8,0
2028,241.4,1.3,0
2029,59.5,7.7,1
2030,65.2,2.3,0
2031,83.3,2.1,1
2032,197.7,3.7,0
2033,236.0,4.4,1
2034,123.7,1.2,0
2035,215.0,1.4,1
2036,80.2,2.6,1
2037,4.7,1.9,0
2038,92.6,1.5,0
2039,109.0,0.2,1
2040,59.0,1.8,1
2041,155.0,1.5,0
2042,216.6,10.0,1
2043,233.1,8.4,1
2044,55.3,5.4,0
2045,87.4,2.5,0
2046,4.2,1.8,0
2047,242.8,0.4,0
2048,171.7,0.9,0
2049,109.9,1.5,1
2050,178.1,9.7,0
2051,15.2,1.5,1
2052,238.5,9.5,0
2053,51.6,4.6,0
2054,246.1,0.8,0
2055,90.3,8.3,1
2056,49.9,7.9,1
2057,61.2,0.8,1
2058,81.8,3.0,0
2059,180.3,1.9,1
2060,132.8,7.0,1
2061,184.3,6.4,1
2062,21.1,2.3,1
2063,135.8,9.3,1
2064,147.8,9.5,0
2065,5.5,7.0,0
2066,241.2,7.7,0
2067,232.1,2.4,1
2068,233.7,7.2,0
2069,102.8,2.8,1
2070,124.1,9.6,1
2071,48.2,9.9,0
2072,198.8,6.5,0
2073,96.2,4.4,1
2074,18.7,4.8,1
2075,16.9,8.4,1
2076,210.6,1.5,1
2077,160.0,8.8,1
2078,207.0,8.1,1
2079,203.0,5.0,1
2080,58.1,3.8,1
2081,173.8,1.2,0
2082,115.2,6.1,0
2083,145.7,7.1,1
2084,38.8,8.6,0
2085,224.8,0.3,0
2086,76.2,3.1,0
2087,112.1,8.6,0
2088,67.5,9.2,1
2089,18.6,1.4,0
2090,225.5,4.3,1
2091,102.2,4.8,0
2092,141.5,4.3,0
2093,154.4,9.6,1
2094,53.4,5.6,1
2095,218.9,2.2,1
2096,180.6,7.2,1
2097,17.8,3.7,0
2098,45.1,7.5,0
2099,12.9,9.2,1
2100,150.0,6.7,1
2101,42.9,9.9,0
2102,28.0,6.7,1
2103,92.8,5.5,0
2104,24.0,6.3,1
2105,28.7,8.6,0
2106,108.4,8.3,0
2107,123.6,9.7,0
2108,6.7,1.2,0
2109,210.3,6.7,0
2110,196.6,2.4,1
2111,12.1,5.7,0
2112,60.4,8.7,0
2113,81.5,7.5,0
2114,132.4,1.4,1
2115,242.5,4.3,1
2116,100.8,9.9,0
2117,107.3,5.0,1
2118,57.6,8.5,1
2119,146.2,5.4,0
2120,45.1,1.7,0
2121,26.9,2.7,1
2122,168.4,8.2,0
2123,132.8,2.3,1
2124,30.9,8.0,1
2125,184.3,1.1,1
2126,200.7,6.7,1
2127,120.5,8.3,0
2128,238.3,2.2,0
2129,81.0,0.8,1
2130,96.7,1.2,1
2131,145.4,6.4,1
2132,154.3,4.8,0
2133,164.3,9.7,1
2134,56.6,3.4,1
2135,149.2,7.0,1
2136,136.3,6.5,0
2137,204.7,1.6,0
2138,91.5,4.0,1
2139,69.1,0.2,0
2140,235.3,1.3,1
2141,12.1,4.4,1
2142,114.6,1.3,1
2143,121.7,9.8,0
2144,193.3,7.5,1
2145,95.7,1.0,0
2146,70.7,8.9,0
2147,54.6,6.6,0
2148,98.8,1.3,0
2149,160.4,9.5,1
2150,199.1,9.4,1
2151,166.4,7.4,0
2152,52.5,9.0,1
2153,23.9,5.8,0
2154,215.3,5.2,1
2155,79.1,1.9,0
2156,184.0,8.4,0
2157,139.9,9.2,0
2158,162.6,4.3,0
2159,196.9,6.9,1
2160,83.4,8.4,1
2161,93.3,1.5,1
2162,178.7,6.6,0
2163,144.6,9.8,0
2164,20.6,8.5,1
2165,87.7,9.5,0
2166,183.0,2.6,1
2167,64.1,6.3,1
2168,192.3,5.5,1
2169,229.7,8.3,1
2170,29.2,9.3,0
2171,31.1,5.9,0
2172,164.6,6.2,0
2173,12.9,6.3,0
2174,121.4,7.2,1
2175,1.2,2.6,0
2176,56.6,9.8,0
2177,224.1,3.4,0
2178,82.2,6.5,1
2179,234.6,5.1,0
2180,169.6,0.2,0
2181,99.4,8.9,1
2182,169.7,9.9,0
2183,187.4,8.1,1
2184,167.7,8.9,0
2185,236.0,5.5,0
2186,219.7,3.5,1
2187,51.6,2.4,1
2188,51.7,3.6,0
2189,32.4,6.9,1
2190,249.5,9.7,0
2191,115.9,0.7,1
2192,97.7,3.7,0
2193,49.3,1.0,0
2194,126.8,1.1,0
2195,208.8,6.8,1
2196,181.3,4.2,1
2197,5.2,0.6,1
2198,49.1,8.5,0
2199,190.8,10.0,1
2200,62.9,4.1,0
2201,110.4,7.1,1
2202,51.4,9.7,1
2203,45.7,6.6,0
2204,206.7,9.5,1
2205,161.4,4.7,1
2206,84.4,1.5,1
2207,8.8,0.8,1
2208,200.0,9.0,0
2209,186.5,7.6,1
2210,111.6,9.6,0
2211,73.7,7.5,0
2212,160.8,6.8,0
2213,245.1,3.5,0
2214,192.5,9.8,0
2215,11.6,7.6,0
2216,209.5,0.7,1
2217,144.0,9.6,1
2218,25.0,4.9,0
2219,20.7,9.7,0
2220,183.5,1.3,1
2221,155.5,3.8,0
2222,148.5,5.5,1
2223,146.2,8.7,0
2224,153.8,9.2,1
2225,71.8,5.8,0
2226,236.2,6.6,0
2227,153.5,1.2,0
2228,26.2,3.3,0
2229,77.1,4.2,0
2230,93.0,3.8,0
2231,50.6,7.3,0
2232,238.4,8.4,0
2233,216.7,4.9,0
2234,18.7,1.5,0
2235,33.7,7.0,1
2236,147.2,0.1,0
2237,16.6,5.9,1
2238,225.1,3.8,1
2239,20.3,9.3,1
2240,91.6,9.3,0
2241,11.1,7.9,0
2242,165.2,2.1,1
2243,85.7,0.5,1
2244,197.2,3.6,1
2245,135.1,9.0,1
2246,105.3,1.9,0
2247,57.4,7.6,0
2248,7.2,8.6,1
2249,100.6,7.9,0
2250,45.9,4.7,0
2251,72.3,8.8,1
2252,242.6,2.1,1
2253,240.1,4.8,0
2254,241.8,8.4,1
2255,238.5,2.9,0
2256,74.4,4.9,1
2257,87.7,6.5,0
2258,181.8,3.6,0
2259,107.8,9.9,1
2260,96.0,4.0,0
2261,14.0,3.2,1
2262,216.5,6.2,0
2263,139.4,1.2,1
2264,63.8,3.7,0
2265,122.9,6.0,1
2266,188.0,5.2,1
2267,86.8,6.7,0
2268,67.3,1.0,0
2269,213.3,1.1,0
2270,16.8,0.6,0
2271,45.6,2.8,0
2272,191.4,4.8,1
2273,173.6,6.0,0
2274,184.0,5.3,1
2275,244.6,5.5,1
2276,216.0,5.8,1
2277,241.3,3.6,0
2278,48.5,8.5,1
2279,159.2,8.1,0
2280,19.2,1.3,1
2281,222.0,1.5,0
2282,15.3,2.6,1
2283,92.1,6.3,0
2284,180.2,8.1,0
2285,156.7,2.1,0
2286,52.5,9.1,1
2287,201.0,3.4,1
2288,176.0,4.1,1
2289,207.2,9.4,1
2290,244.0,9.7,1
2291,77.2,8.4,0
2292,231.6,0.6,1
2293,190.6,5.5,1
2294,213.2,5.4,1
2295,209.7,1.0,1
2296,2.7,6.7,1
2297,197.1,7.9,1
2298,175.4,9.4,1
2299,158.8,5.8,1
2300,114.8,1.6,1
2301,56.8,2.4,1
2302,120.1,3.3,1
2303,85.8,8.0,0
2304,91.5,3.5,0
2305,134.1,1.2,1
2306,204.1,8.4,1
2307,36.8,8.2,0
2308,5.3,0.9,1
2309,245.3,4.7,0
2310,124.4,8.5,1
2311,162.4,9.5,1
2312,108.5,9.7,0
2313,23.2,6.1,1
2314,160.2,5.9,1
2315,124.2,9.5,1
2316,50.8,9.5,1
2317,92.5,3.8,0
2318,60.6,9.9,1
2319,100.2,1.2,1
2320,246.0,4.4,1
2321,244.0,7.9,0
2322,7.8,6.0,0
2323,3.8,5.5,1
2324,227.6,4.2,0
2325,128.1,2.5,0
2326,240.7,1.2,0
2327,64.4,5.2,0
2328,200.6,5.0,0
2329,103.1,0.1,1
2330,18.4,2.2,0
2331,127.3,0.1,1
2332,185.8,0.5,0
2333,89.3,6.7,0
2334,35.8,4.6,1
2335,206.2,3.8,1
2336,100.1,3.3,0
2337,239.7,0.8,0
2338,95.0,4.4,0
2339,29.3,6.6,1
2340,22.4,2.8,0
2341,223.7,9.9,1
2342,150.6,9.0,1
2343,32.8,4.5,0
2344,210.2,5.1,0
2345,121.4,1.3,0
2346,204.1,0.9,0
2347,144.0,5.5,0
2348,83.3,7.9,1
2349,106.9,8.0,0
2350,86.1,7.8,1
2351,205.8,6.5,0
2352,115.4,6.1,1
2353,94.4,0.4,1
2354,8.6,4.1,0
2355,245.1,5.9,0
2356,50.4,6.0,0
2357,14.6,8.3,0
2358,119.1,3.1,1
2359,200.1,1.6,0
2360,102.1,7.0,0
2361,179.4,5.8,0
2362,127.8,2.1,0
2363,14.9,3.9,1
2364,121.1,2.5,0
2365,10.6,8.2,1
2366,144.2,4.0,1
2367,141.6,4.3,1
2368,228.8,7.1,1
2369,58.3,1.8,0
2370,237.7,9.9,1
2371,114.8,5.5,1
2372,166.7,0.0,1
2373,145.8,1.8,0
2374,22.2,0.3,0
2375,1.1,4.8,1
2376,121.5,6.2,1
2377,13.8,1.1,0
2378,194.1,7.7,1
2379,50.1,5.3,0
2380,88.6,6.7,1
2381,197.2,2.2,1
2382,13.0,5.2,1
2383,177.2,9.8,1
2384,30.1,2.8,0
2385,111.7,2.3,0
2386,2.3,4.5,0
2387,246.3,1.8,0
2388,106.6,3.1,0
2389,79.7,10.0,0
2390,230.0,4.6,1
2391,54.8,4.8,0
2392,237.4,4.6,0
2393,34.6,3.7,1
2394,36.4,6.6,0
2395,244.4,4.7,1
2396,105.1,6.5,0
2397,194.4,2.1,0
2398,211.2,9.0,1
2399,68.5,6.9,0
2400,74.6,2.0,1
2401,149.6,1.0,1
2402,213.0,8.6,0
2403,198.7,4.3,1
2404,6.2,7.9,1
2405,31.0,0.6,0
2406,30.6,3.0,1
2407,152.3,6.1,1
2408,90.9,2.2,1
2409,229.3,8.1,1
2410,82.4,0.7,0
2411,28.0,3.1,0
2412,1.5,7.4,1
2413,73.1,7.2,0
2414,118.8,6.8,0
2415,15.3,2.7,0
2416,153.4,9.9,0
2417,63.9,4.7,0
2418,171.3,2.5,0
2419,13.8,3.7,0
2420,32.1,6.1,0
2421,141.5,0.5,1
2422,111.5,7.6,0
2423,74.4,4.6,0
2424,64.4,6.7,0
2425,168.8,7.4,0
2426,196.6,9.2,0
2427,239.4,0.6,0
2428,232.8,5.2,0
2429,239.6,7.7,0
2430,184.1,3.3,1
2431,228.3,0.4,0
2432,185.6,6.1,0
2433,208.3,0.9,0
2434,118.0,9.2,0
2435,27.4,7.3,0
2436,16.1,8.2,1
2437,2.7,4.1,1
2438,184.2,8.6,0
2439,91.6,3.6,1
2440,232.0,1.0,1
2441,35.8,9.3,1
2442,79.7,5.2,0
2443,195.5,7.7,1
2444,238.4,1.5,0
2445,227.4,0.6,0
2446,32.5,8.1,1
2447,118.2,9.7,1
2448,162.4,3.3,0
2449,184.1,2.4,1
2450,123.4,8.4,1
2451,138.6,9.3,1
2452,15.3,1.2,1
2453,33.7,8.6,1
2454,196.7,3.2,0
2455,116.3,1.8,1
2456,10.6,8.1,0
2457,22.6,5.0,0
2458,70.4,9.5,0
2459,58.8,0.6,0
2460,74.7,2.3,0
2461,80.4,5.9,0
2462,188.4,0.9,0
2463,207.5,9.0,0
2464,24.0,1.3,1
2465,151.9,7.8,1
2466,82.6,3.1,1
2467,145.6,3.0,1
2468,5.0,1.2,1
2469,209.4,8.6,0
2470,223.3,0.5,0
2471,49.9,8.5,1
2472,178.8,2.4,0
2473,42.5,5.0,0
2474,55.7,10.0,0
2475,90.9,4.3,0
2476,127.4,3.0,0
2477,77.9,6.0,1
2478,202.1,9.2,0
2479,188.6,6.8,1
2480,132.4,4.8,1
2481,45.5,2.7,1
2482,164.4,1.0,0
2483,65.0,9.2,0
2484,51.5,5.4,0
2485,106.3,5.4,1
2486,104.3,9.7,0
2487,67.3,2.2,0
2488,139.0,1.7,0
2489,54.6,5.2,0
2490,76.7,9.8,0
2491,15.6,4.2,0
2492,204.6,8.6,1
2493,85.8,7.1,1
2494,214.2,1.0,1
2495,62.1,4.4,0
2496,176.9,3.1,1
2497,12.5,9.4,1
2498,67.4,9.9,1
2499,179.5,8.5,1
2500,134.6,0.0,1
2501,215.1,5.1,0
2502,170.8,1.6,1
2503,156.3,2.0,1
2504,85.9,5.5,0
2505,198.3,9.5,0
2506,99.2,5.0,1
2507,137.5,1.2,0
2508,74.8,8.2,0
2509,244.0,0.3,0
2510,55.0,1.1,0
2511,211.0,5.6,0
2512,190.6,0.4,0
2513,236.3,4.6,0
2514,91.1,6.5,1
2515,123.0,6.0,0
2516,38.8,1.4,1
2517,71.7,4.6,1
2518,141.7,5.8,0
2519,101.8,3.8,0
2520,179.4,1.7,0
2521,96.8,5.1,0
2522,139.3,6.4,1
2523,208.4,3.4,0
2524,94.4,7.8,1
2525,243.8,6.1,0
2526,29.4,3.6,1
2527,61.9,5.6,1
2528,213.0,8.5,1
2529,193.9,0.3,1
2530,18.7,5.9,1
2531,32.9,8.2,1
2532,123.2,4.7,1
2533,178.7,5.4,1
2534,104.3,4.1,1
2535,27.1,0.4,1
2536,182.2,3.6,0
2537,52.9,6.2,0
2538,88.0,5.8,1
2539,189.5,6.8,1
2540,87.1,0.7,1
2541,26.0,0.3,0
2542,231.2,9.0,1
2543,168.6,7.1,0
2544,232.6,8.7,0
2545,111.4,8.4,0
2546,92.0,7.6,1
2547,215.0,3.9,1
2548,219.4,9.1,1
2549,180.7,7.3,1
2550,184.1,2.9,0
2551,100.6,1.1,0
2552,52.5,1.5,0
2553,43.0,8.7,1
2554,103.6,3.0,0
2555,235.0,6.2,0
2556,66.7,3.1,0
2557,176.3,6.6,0
2558,198.9,7.0,0
2559,45.2,9.2,0
2560,185.5,0.5,1
2561,223.8,7.0,1
2562,132.1,0.4,0
2563,169.1,1.8,1
2564,198.3,5.9,1
2565,223.3,4.8,1
2566,45.9,1.5,0
2567,61.0,0.9,1
2568,60.6,6.3,0
2569,75.0,0.7,1
2570,42.7,9.6,0
2571,216.0,7.5,1
2572,128.1,0.7,1
2573,237.6,6.6,1
2574,27.5,5.8,0
2575,9.9,1.9,0
2576,149.9,8.5,0
2577,181.0,8.2,0
2578,107.5,9.5,1
2579,153.7,5.9,1
2580,230.4,4.8,1
2581,246.0,3.3,1
2582,118.7,2.4,1
2583,40.0,1.0,0
2584,248.8,9.4,1
2585,35.0,2.0,0
2586,64.4,2.2,0
2587,147.2,4.6,0
2588,32.5,0.1,1
2589,195.7,6.2,0
2590,131.6,7.9,0
2591,100.6,7.3,0
2592,185.7,2.1,0
2593,119.3,0.1,1
2594,244.3,6.7,0
2595,17.8,9.3,0
2596,193.6,7.5,1
2597,112.4,5.0,1
2598,83.1,2.1,0
2599,169.0,3.4,0
2600,108.5,4.7,1
2601,102.2,9.7,1
2602,134.9,0.3,1
2603,58.9,9.0,0
2604,26.6,1.9,0
2605,216.2,4.4,1
2606,90.5,0.4,0
2607,227.4,7.0,0
2608,79.2,6.5,0
2609,59.7,9.3,0
2610,237.9,9.8,1
2611,57.7,6.3,1
2612,151.0,7.0,0
2613,112.7,2.0,1
2614,159.0,8.1,0
2615,225.5,6.3,0
2616,229.1,6.6,0
2617,26.8,2.1,1
2618,2.4,6.1,1
2619,221.5,9.0,0
2620,132.4,1.7,1
2621,28.8,4.2,1
2622,49.5,6.2,0
2623,198.6,9.4,0
2624,108.9,4.7,1
2625,96.3,1.8,1
2626,211.9,0.2,1
2627,2.3,0.2,0
2628,166.0,9.9,1
2629,21.4,7.6,1
2630,64.6,2.2,1
2631,223.9,5.5,1
2632,62.5,7.1,0
2633,61.0,6.6,0
2634,215.0,2.2,1
2635,14.8,7.8,1
2636,34.7,6.8,0
2637,231.9,6.4,0
2638,131.9,2.8,0
2639,8.2,8.1,0
2640,151.6,6.8,0
2641,210.7,0.0,1
2642,63.9,2.0,0
2643,18.9,2.9,1
2644,132.3,7.2,0
2645,116.2,8.8,0
2646,148.6,4.7,1
2647,95.2,4.6,1
2648,177.2,8.9,0
2649,72.7,6.6,0
2650,91.2,0.8,1
2651,59.5,2.0,0
2652,198.6,7.9,1
2653,107.8,4.1,0
2654,47.5,4.0,1
2655,110.6,5.0,1
2656,229.1,4.5,0
2657,180.2,3.0,1
2658,130.2,8.6,1
2659,139.8,7.3,1
2660,93.0,3.7,0
2661,196.6,0.9,1
2662,180.2,0.0,0
2663,199.3,8.1,0
2664,245.8,1.6,1
2665,161.1,1.1,1
2666,204.8,9.1,1
2667,61.0,0.9,0
2668,234.7,0.2,1
2669,175.3,9.9,1
2670,214.9,4.2,1
2671,47.4,1.4,0
2672,193.5,3.6,0
2673,213.1,0.4,0
2674,227.7,9.8,1
2675,169.8,8.3,1
2676,61.7,5.2,0
2677,61.2,7.7,1
2678,155.1,2.1,1
2679,237.6,9.3,1
2680,88.9,7.0,0
2681,124.9,8.4,0
2682,154.1,1.1,0
2683,231.3,8.2,1
2684,81.4,2.0,0
2685,198.6,2.3,0
2686,41.6,4.1,0
2687,206.5,0.2,1
2688,136.0,0.3,0
2689,125.3,9.2,0
2690,73.5,7.7,1
2691,43.2,9.4,1
2692,99.9,7.2,0
2693,87.1,6.2,0
2694,141.4,7.1,1
2695,100.4,8.3,0
2696,134.6,2.4,1
2697,11.9,9.7,1
2698,112.9,3.6,0
2699,110.6,8.4,1
2700,167.5,5.3,0
2701,22.3,2.1,0
2702,90.4,0.8,1
2703,237.3,8.4,0
2704,171.5,9.4,0
2705,67.4,9.6,0
2706,34.2,5.0,1
2707,223.0,9.4,1
2708,116.6,1.7,0
2709,120.1,8.8,0
2710,30.4,6.6,0
2711,89.1,0.5,0
2712,242.2,8.6,1
2713,70.5,8.7,0
2714,165.3,5.6,1
2715,119.1,2.4,0
2716,67.0,7.3,1
2717,119.0,6.4,1
2718,119.1,4.1,0
2719,166.8,1.7,1
2720,63.0,9.1,1
2721,216.2,2.7,1
2722,9.1,5.2,0
2723,148.6,5.5,0
2724,108.7,1.0,1
2725,66.1,4.9,1
2726,171.9,4.8,1
2727,34.9,6.3,0
2728,240.1,8.8,0
2729,59.0,2.4,1
2730,53.7,4.4,1
2731,91.7,1.8,1
2732,147.6,4.6,1
2733,139.2,7.1,1
2734,163.6,8.6,1
2735,163.7,7.6,0
2736,207.5,6.9,1
2737,204.1,3.7,1
2738,65.0,9.3,1
2739,193.7,9.3,0
2740,70.4,2.7,0
2741,112.8,4.7,1
2742,140.6,1.3,1
2743,35.1,9.0,0
2744,86.1,4.9,1
2745,44.3,6.2,0
2746,47.3,6.4,1
2747,193.1,0.5,1
2748,160.3,2.6,1
2749,30.9,1.5,1
2750,247.0,6.0,0
2751,219.3,5.0,1
2752,18.1,7.7,1
2753,115.9,1.6,0
2754,56.4,4.0,1
2755,159.9,8.4,0
2756,118.1,1.8,1
2757,228.7,9.7,0
2758,192.9,1.0,1
2759,119.2,4.3,0
2760,145.0,7.8,0
2761,83.8,7.5,1
2762,195.1,1.5,0
2763,184.6,9.3,1
2764,132.7,8.7,0
2765,217.0,7.7,1
2766,174.6,7.8,0
2767,69.4,7.5,0
2768,233.4,0.1,0
2769,53.1,3.8,1
2770,234.4,2.6,0
2771,191.0,8.0,0
2772,148.6,8.5,1
2773,80.1,7.1,0
2774,172.9,7.2,1
2775,7.7,4.4,1
2776,138.6,3.2,0
2777,115.7,2.8,1
2778,48.7,3.0,0
2779,163.6,8.4,0
2780,93.0,5.9,1
2781,215.0,1.0,1
2782,174.3,9.5,1
2783,3.1,2.6,0
2784,199.4,3.1,1
2785,172.6,9.5,0
2786,25.1,6.3,0
2787,100.0,5.9,0
2788,33.2,5.1,1
2789,155.2,3.8,0
2790,198.1,7.4,0
2791,68.1,2.3,1
2792,84.4,9.6,1
2793,40.1,1.8,1
2794,216.5,1.3,1
2795,93.6,5.3,1
2796,53.3,2.5,0
2797,230.7,2.8,1
2798,10.2,9.3,1
2799,156.3,3.0,1
2800,203.0,6.7,0
2801,137.0,6.7,0
2802,131.9,7.0,1
2803,95.7,3.9,0
2804,214.8,6.7,0
2805,137.7,5.2,1
2806,246.7,3.0,1
2807,71.9,8.0,1
2808,240.6,9.0,0
2809,149.1,6.1,1
2810,246.2,3.5,0
2811,144.9,4.7,1
2812,67.9,9.9,1
2813,15.9,8.1,1
2814,231.9,3.4,0
2815,131.2,7.2,1
2816,146.5,4.6,0
2817,10.3,8.7,0
2818,240.2,4.1,0
2819,221.7,7.2,1
2820,99.9,1.0,0
2821,204.4,8.8,0
2822,79.3,3.2,1
2823,74.0,6.8,1
2824,90.9,7.3,1
2825,144.2,6.4,1
2826,101.3,1.0,0
2827,70.8,6.9,0
2828,4.1,5.5,1
2829,110.1,6.2,1
2830,165.2,4.6,0
2831,177.2,7.6,0
2832,198.3,1.8,0
2833,134.0,1.3,0
2834,201.7,4.7,0
2835,138.1,2.5,1
2836,12.8,3.9,0
2837,83.7,3.8,1
2838,212.6,5.4,0
2839,184.8,0.1,0
2840,90.3,8.0,1
2841,48.6,4.0,1
2842,186.4,8.4,1
2843,32.2,6.0,0
2844,96.4,4.7,1
2845,41.7,6.3,1
2846,146.3,0.3,0
2847,174.6,9.0,0
2848,10.3,2.1,1
2849,117.2,1.5,1
2850,135.8,5.5,1
2851,159.1,0.5,0
2852,102.2,3.4,1
2853,95.6,9.2,1
2854,247.9,3.8,1
2855,195.2,7.0,1
2856,166.1,6.0,0
2857,230.3,1.4,0
2858,234.2,5.7,1
2859,65.2,8.1,0
2860,196.0,4.1,1
2861,80.4,0.6,1
2862,144.8,0.5,0
2863,26.9,5.8,0
2864,85.6,5.0,1
2865,148.9,3.2,0
2866,159.6,2.3,0
2867,115.6,1.9,1
2868,41.0,2.6,0
2869,90.1,7.4,1
2870,194.9,6.2,0
2871,183.2,4.7,0
2872,104.1,3.3,0
2873,123.3,7.4,1
2874,27.4,7.4,1
2875,42.4,7.7,0
2876,225.4,1.7,0
2877,205.6,8.2,0
2878,154.1,7.3,1
2879,55.4,7.6,0
2880,89.0,4.2,0
2881,214.8,3.9,1
2882,249.7,4.1,1
2883,128.5,0.9,0
2884,109.0,8.5,0
2885,104.9,5.2,1
2886,215.5,1.9,1
2887,141.2,5.8,0
2888,245.9,3.4,1
2889,176.6,6.4,0
2890,167.5,7.4,1
2891,221.6,5.5,0
2892,209.3,9.2,0
2893,215.5,2.2,1
2894,98.6,4.8,1
2895,177.4,1.6,0
2896,193.5,2.9,0
2897,200.2,3.0,0
2898,143.1,2.6,0
2899,114.9,1.9,1
2900,192.2,3.3,1
2901,210.0,4.3,1
2902,193.0,2.0,0
2903,244.9,9.0,1
2904,70.4,6.1,0
2905,223.8,5.3,0
2906,60.7,5.9,1
2907,95.2,6.3,1
2908,178.7,1.9,0
2909,22.6,9.4,1
2910,106.8,3.6,0
2911,157.7,4.8,1
2912,25.1,0.2,1
2913,144.6,6.5,0
2914,241.3,7.3,0
2915,160.5,1.3,0
2916,128.3,1.3,0
2917,146.8,1.3,0
2918,75.2,6.0,1
2919,156.0,9.8,0
2920,100.2,5.4,0
2921,205.3,0.0,1
2922,9.5,2.4,0
2923,5.6,9.4,1
2924,147.9,7.5,1
2925,220.6,5.9,0
2926,231.8,7.9,1
2927,166.3,1.4,0
2928,198.9,0.9,0
2929,236.8,6.1,0
2930,121.8,7.3,0
2931,67.5,9.6,1
2932,150.3,4.5,1
2933,207.5,3.8,0
2934,20.2,6.8,1
2935,171.6,9.0,0
2936,131.3,6.1,0
2937,128.8,1.8,1
2938,21.7,5.9,0
2939,236.9,3.7,0
2940,91.5,1.0,0
2941,70.5,0.1,0
2942,247.8,5.3,1
2943,184.7,5.5,1
2944,245.8,2.7,0
2945,97.6,2.3,0
2946,9.9,7.7,0
2947,14.0,6.5,0
2948,241.4,3.6,1
2949,135.5,1.9,0
2950,71.0,3.9,1
2951,188.6,8.3,0
2952,53.3,1.2,1
2953,234.4,1.5,1
2954,160.4,7.9,0
2955,193.9,8.5,1
2956,181.9,10.0,0
2957,198.4,3.0,0
2958,213.3,8.1,0
2959,35.6,9.0,1
2960,4.3,6.1,0
2961,159.2,5.8,1
2962,8.9,1.6,1
2963,63.0,7.2,1
2964,173.0,8.9,1
2965,15.8,2.7,0
2966,121.8,0.6,0
2967,81.1,8.0,0
2968,129.1,1.2,0
2969,193.2,5.9,1
2970,56.1,4.8,0
2971,237.9,0.2,0
2972,66.2,8.6,0
2973,220.5,6.5,0
2974,130.8,9.0,0
2975,180.2,1.2,1
2976,200.7,10.0,0
2977,209.5,6.8,1
2978,219.7,7.6,1
2979,170.4,4.0,1
2980,137.2,9.3,1
2981,39.6,6.0,0
2982,167.3,1.1,1
2983,208.8,9.2,1
2984,124.7,2.3,0
2985,225.5,3.9,0
2986,52.2,3.0,0
2987,209.8,6.8,1
2988,213.4,6.4,0
2989,226.5,9.1,1
2990,226.1,6.6,0
2991,99.9,2.1,1
2992,249.2,3.4,1
2993,33.4,2.8,0
2994,114.8,6.6,1
2995,72.0,10.0,0
2996,116.6,2.2,0
2997,165.8,0.9,0
2998,85.9,5.3,1
2999,85.0,6.2,0
3000,28.6,0.8,1
3001,142.3,0.8,1
3002,203.8,6.0,1
3003,246.6,9.4,1
3004,161.9,8.2,0
3005,45.8,4.7,0
3006,188.1,6.1,0
3007,172.2,5.1,0
3008,38.2,0.1,0
3009,145.2,0.5,1
3010,165.1,5.9,1
3011,170.6,0.9,0
3012,155.2,7.1,1
3013,81.9,6.6,0
3014,140.7,7.7,1
3015,129.6,6.1,0
3016,55.8,2.6,1
3017,6.4,6.4,1
3018,82.4,3.2,0
3019,64.9,1.8,0
3020,213.3,3.2,0
3021,153.9,8.3,0
3022,157.6,4.1,1
3023,141.2,1.6,0
3024,182.9,5.2,0
3025,229.6,5.3,1
3026,184.6,9.2,0
3027,111.3,5.1,1
3028,45.4,4.9,0
3029,26.9,8.3,1
3030,169.3,9.5,0
3031,150.9,2.1,0
3032,48.1,5.1,1
3033,40.1,3.4,0
3034,211.7,0.8,0
3035,31.9,4.8,1
3036,146.6,7.8,1
3037,51.6,3.6,0
3038,216.2,6.8,1
3039,115.7,0.0,0
3040,224.2,7.1,0
3041,209.5,7.6,1
3042,117.7,5.8,0
3043,11.6,6.4,0
3044,163.3,0.3,1
3045,228.3,8.4,0
3046,198.9,3.9,0
3047,218.8,3.9,1
3048,46.4,10.0,0
3049,134.5,2.3,0
3050,145.4,7.3,0
3051,236.6,3.9,1
3052,174.6,0.1,0
3053,230.7,3.6,1
3054,136.9,8.2,0
3055,65.3,5.7,0
3056,20.5,1.9,1
3057,167.6,9.7,1
3058,169.7,1.9,0
3059,213.8,1.7,0
3060,16.6,7.2,1
3061,189.1,2.0,0
3062,205.9,2.7,0
3063,194.2,6.1,0
3064,27.3,2.1,1
3065,145.5,6.6,0
3066,46.8,5.4,0
3067,121.2,7.4,1
3068,179.8,1.1,0
3069,203.2,2.3,1
3070,50.1,5.3,0
3071,157.2,6.9,1
3072,94.0,7.0,1
3073,9.0,7.5,1
3074,52.5,5.1,0
3075,189.7,5.0,1
3076,238.2,5.2,1
3077,135.9,8.1,0
3078,242.9,0.9,0
3079,103.1,6.8,1
3080,208.9,5.9,1
3081,249.0,5.3,0
3082,160.0,8.0,0
3083,17.7,0.5,0
3084,6.5,5.6,0
3085,209.4,7.8,1
3086,155.3,5.8,0
3087,187.1,8.4,0
3088,158.1,3.6,1
3089,60.3,6.3,0
3090,51.0,7.4,0
3091,55.8,3.6,1
3092,8.0,3.9,1
3093,244.0,7.1,1
3094,227.2,3.2,0
3095,44.1,0.3,0
3096,174.4,2.2,1
3097,226.9,9.4,0
3098,124.4,8.7,1
3099,98.0,10.0,0
3100,123.5,1.1,1
3101,109.4,3.4,0
3102,80.6,6.2,0
3103,196.8,7.3,1
3104,195.9,6.9,0
3105,67.8,9.1,0
3106,83.0,5.6,0
3107,112.1,1.5,0
3108,13.4,3.4,0
3109,15.5,9.3,1
3110,106.3,1.1,1
3111,88.4,6.3,0
3112,62.5,0.2,1
3113,180.4,6.2,0
3114,13.4,3.9,0
3115,19.0,1.0,1
3116,103.3,1.1,1
3117,64.2,7.2,1
3118,90.4,3.0,1
3119,19.5,3.4,0
3120,219.9,0.7,1
3121,124.3,4.0,1
3122,221.0,2.4,1
3123,240.4,6.9,1
3124,4.2,3.0,0
3125,36.1,0.6,1
3126,20.6,4.9,1
3127,15.9,4.9,1
3128,151.3,6.1,0
3129,93.5,3.2,1
3130,16.0,7.1,0
3131,116.2,9.7,1
3132,23.4,7.1,1
3133,155.2,0.2,0
3134,125.2,1.4,0
3135,39.6,9.5,0
3136,76.9,0.4,1
3137,167.5,5.7,0
3138,25.2,10.0,0
3139,107.9,6.3,0
3140,243.7,7.3,0
3141,218.9,9.5,0
3142,40.2,9.8,0
3143,210.5,9.4,0
3144,126.1,5.8,0
3145,53.6,4.7,0
3146,28.3,4.4,0
3147,20.1,2.0,1
3148,142.2,7.5,0
3149,122.1,4.8,0
3150,172.9,1.4,1
3151,59.6,5.7,1
3152,43.1,6.5,0
3153,22.8,0.1,1
3154,100.4,1.5,0
3155,225.2,0.6,1
3156,187.8,4.1,1
3157,94.9,7.3,1
3158,112.3,7.6,0
3159,207.8,2.8,1
3160,26.6,6.0,0
3161,240.5,5.8,0
3162,165.5,6.9,1
3163,238.3,1.7,0
3164,26.9,9.2,0
3165,163.7,0.6,0
3166,133.8,2.6,0
3167,136.2,1.9,0
3168,171.5,3.2,1
3169,79.6,6.1,1
3170,221.5,4.9,1
3171,13.1,7.7,1
3172,245.5,1.3,0
3173,223.3,7.9,0
3174,90.8,8.7,0
3175,61.1,6.3,0
3176,12.3,3.5,1
3177,64.5,0.8,1
3178,199.0,6.0,0
3179,16.3,9.4,1
3180,25.9,1.4,1
3181,233.3,2.8,1
3182,211.1,2.9,1
3183,91.5,8.9,0
3184,121.0,9.3,1
3185,67.4,0.1,0
3186,93.8,0.2,0
3187,174.2,7.9,1
3188,183.7,5.3,1
3189,74.5,2.3,0
3190,64.8,9.0,1
3191,45.7,4.0,0
3192,92.4,8.3,1
3193,223.1,4.6,1
3194,175.9,0.7,0
3195,87.2,2.7,1
3196,79.1,5.9,1
3197,86.4,0.4,0
3198,73.6,6.9,1
3199,84.8,9.1,1
3200,237.2,8.7,1
3201,144.8,5.4,0
3202,248.7,9.5,1
3203,30.0,3.5,0
3204,33.7,4.8,1
3205,32.3,0.9,0
3206,57.9,2.0,0
3207,219.1,2.0,0
3208,42.2,0.2,1
3209,16.9,3.7,0
3210,69.4,5.8,0
3211,26.9,0.5,0
3212,125.4,8.2,1
3213,131.3,7.1,0
3214,101.4,8.5,0
3215,13.5,1.2,0
3216,243.0,7.8,0
3217,180.9,5.0,0
3218,89.3,2.6,1
3219,36.8,7.8,0
3220,204.0,3.7,1
3221,94.1,6.9,1
3222,144.3,4.1,0
3223,182.0,1.9,0
3224,158.7,6.6,1
3225,206.6,8.4,0
3226,188.0,4.8,0
3227,170.5,4.4,0
3228,151.6,9.7,0
3229,175.8,5.6,1
3230,221.0,5.0,1
3231,151.3,7.7,0
3232,146.4,5.0,0
3233,244.1,6.8,0
3234,58.7,4.6,1
3235,9.0,6.9,1
3236,155.6,8.2,1
3237,181.5,1.1,0
3238,197.3,7.0,1
3239,22.5,1.1,1
3240,213.6,3.0,1
3241,67.6,1.1,1
3242,223.8,8.7,0
3243,199.3,3.5,0
3244,199.3,3.7,1
3245,40.4,1.8,0
3246,185.0,6.9,0
3247,132.4,9.1,0
3248,150.5,5.3,1
3249,133.5,9.9,0
3250,175.0,4.7,0
3251,145.7,3.5,1
3252,148.7,4.8,0
3253,185.6,1.3,0
3254,36.6,8.7,1
3255,154.2,5.5,1
3256,118.9,7.3,1
3257,212.6,1.8,0
3258,192.0,7.8,1
3259,88.2,9.3,0
3260,98.5,1.6,1
3261,55.7,5.3,1
3262,165.2,3.1,0
3263,98.6,9.9,1
3264,231.2,9.3,0
3265,193.6,0.7,0
3266,194.0,4.2,0
3267,214.7,8.6,0
3268,2.5,4.6,1
3269,55.9,3.5,0
3270,151.3,7.6,1
3271,19.3,5.6,1
3272,232.5,3.1,1
3273,228.3,8.2,0
3274,170.5,6.3,0
3275,102.2,4.0,0
3276,159.2,5.4,1
3277,81.9,8.7,1
3278,160.7,4.7,0
3279,162.3,9.6,0
3280,34.1,6.4,0
3281,211.1,9.4,0
3282,225.3,3.2,1
3283,122.4,0.8,0
3284,69.2,3.9,1
3285,227.5,9.3,1
3286,237.5,8.7,0
3287,78.0,8.0,0
3288,19.7,9.6,0
3289,15.7,4.7,1
3290,167.8,1.3,1
3291,90.7,8.7,1
3292,19.2,9.8,1
3293,3.1,5.9,1
3294,30.0,9.4,1
3295,151.9,5.6,1
3296,188.1,6.3,1
3297,107.6,6.7,1
3298,65.6,2.2,0
3299,238.5,5.2,1
3300,239.8,2.1,0
3301,38.8,9.2,0
3302,146.9,6.2,0
3303,148.2,3.8,0
3304,80.7,1.3,1
3305,192.3,1.6,1
3306,61.6,9.2,1
3307,149.9,7.8,1
3308,245.4,0.8,1
3309,151.9,7.5,0
3310,28.2,7.6,0
3311,110.5,7.7,1
3312,44.4,3.2,0
3313,232.6,4.9,0
3314,142.8,7.2,1
3315,214.0,4.9,0
3316,207.4,0.6,1
3317,168.1,6.4,1
3318,10.2,2.9,1
3319,139.0,2.3,1
3320,137.7,6.2,1
3321,31.5,4.9,1
3322,14.9,8.2,0
3323,117.1,6.7,1
3324,83.9,3.9,0
3325,65.0,8.9,0
3326,198.4,7.9,1
3327,115.2,9.0,1
3328,184.1,2.2,1
3329,173.2,5.6,1
3330,20.3,6.7,1
3331,39.9,8.7,0
3332,7.9,0.4,1
3333,22.9,6.6,0
3334,128.6,0.7,0
3335,12.3,1.8,0
3336,39.8,3.4,1
3337,158.2,3.9,0
3338,70.1,6.8,1
3339,66.8,4.8,1
3340,41.6,0.3,0
3341,11.0,7.8,1
3342,235.8,0.9,1
3343,141.8,5.8,1
3344,149.4,1.1,0
3345,124.2,2.8,1
3346,80.6,1.5,0
3347,84.8,6.3,1
3348,109.1,6.0,1
3349,128.8,8.5,1
3350,198.4,2.5,1
3351,102.3,0.5,0
3352,222.6,1.6,1
3353,12.9,6.4,0
3354,210.7,0.4,0
3355,16.6,6.3,1
3356,222.7,6.3,0
3357,216.1,6.0,1
3358,147.6,6.8,1
3359,72.4,2.4,0
3360,20.6,6.7,1
3361,3.0,3.7,1
3362,38.2,4.1,0
3363,18.7,6.9,0
3364,178.3,3.2,0
3365,153.3,8.7,1
3366,36.9,9.0,0
3367,4.6,6.9,1
3368,102.4,5.1,1
3369,67.5,4.5,0
3370,94.1,5.6,1
3371,207.4,8.5,1
3372,41.7,9.8,1
3373,124.7,1.3,0
3374,179.3,9.2,0
3375,136.0,1.4,0
3376,204.5,2.6,1
3377,131.9,4.4,0
3378,171.1,0.5,1
3379,206.0,8.6,0
3380,211.1,0.4,0
3381,175.1,7.1,1
3382,77.6,0.4,0
3383,39.6,0.0,1
3384,191.8,7.2,1
3385,248.5,2.1,0
3386,228.9,7.8,0
3387,15.9,6.1,1
3388,30.2,0.0,0
3389,7.1,4.3,1
3390,42.7,4.4,1
3391,39.2,0.3,0
3392,4.4,9.5,0
3393,159.2,7.8,0
3394,234.8,4.9,1
3395,218.6,5.7,1
3396,63.2,6.4,0
3397,34.6,0.6,0
3398,27.7,5.0,0
3399,135.9,2.4,1
3400,122.0,5.2,0
3401,230.2,8.6,0
3402,82.9,4.3,1
3403,144.7,2.5,0
3404,149.1,9.4,1
3405,149.7,5.5,0
3406,72.1,3.9,1
3407,170.1,8.3,0
3408,20.8,3.0,0
3409,71.9,9.9,1
3410,229.6,9.2,1
3411,9.3,9.6,1
3412,218.1,7.6,0
3413,26.6,4.6,0
3414,203.7,8.8,0
3415,137.7,8.3,1
3416,39.3,7.8,0
3417,39.9,9.9,0
3418,65.3,2.3,1
3419,157.6,9.1,0
3420,178.0,0.8,1
3421,141.8,5.9,0
3422,87.4,6.7,1
3423,236.7,3.8,1
3424,193.7,9.2,1
3425,192.8,8.0,0
3426,156.5,5.7,1
3427,7.5,0.9,0
3428,55.3,0.6,0
3429,62.8,0.8,1
3430,202.1,9.8,1
3431,94.7,5.4,1
3432,135.4,7.3,1
3433,101.6,2.1,0
3434,49.4,6.3,0
3435,72.4,7.8,1
3436,174.5,7.2,1
3437,148.0,4.5,0
3438,212.7,8.3,0
3439,13.1,2.7,1
3440,213.5,3.2,0
3441,85.9,8.5,1
3442,70.2,5.0,0
3443,2.4,8.4,1
3444,230.5,2.3,1
3445,209.4,4.9,0
3446,203.3,1.6,1
3447,169.0,6.4,1
3448,233.4,4.8,1
3449,236.2,4.2,0
3450,73.3,9.3,1
3451,59.6,0.4,1
3452,220.9,7.9,1
3453,172.7,5.2,1
3454,166.3,7.1,1
3455,163.3,8.7,0
3456,74.2,3.2,1
3457,183.9,7.7,0
3458,95.7,6.1,0
3459,191.4,7.9,0
3460,176.3,9.5,1
3461,246.5,2.5,0
3462,37.5,0.5,1
3463,37.9,3.6,1
3464,73.0,3.3,0
3465,85.0,7.8,0
3466,166.9,4.1,1
3467,68.7,9.4,1
3468,108.4,4.7,0
3469,150.6,7.1,1
3470,56.6,6.1,0
3471,51.1,9.1,0
3472,129.0,5.5,1
3473,61.7,1.6,0
3474,209.0,8.1,1
3475,235.1,7.4,0
3476,231.4,3.5,0
3477,59.1,2.3,0
3478,117.3,3.1,1
3479,12.3,10.0,1
3480,68.0,2.8,1
3481,204.3,8.0,1
3482,130.1,4.0,1
3483,206.5,8.4,1
3484,5.9,6.5,0
3485,102.3,6.4,1
3486,206.8,4.2,0
3487,29.8,3.1,1
3488,152.5,7.8,1
3489,53.6,5.7,1
3490,134.4,1.1,0
3491,81.7,3.5,0
3492,158.0,6.7,1
3493,83.4,0.5,1
3494,107.2,2.3,0
3495,144.7,5.0,1
3496,12.6,1.2,1
3497,5.3,2.1,0
3498,195.0,1.3,0
3499,212.2,7.8,0
3500,232.8,2.0,0
3501,58.4,6.0,1
3502,196.0,6.4,0
3503,236.1,2.1,1
3504,194.2,3.7,1
3505,195.3,9.4,1
3506,47.2,2.6,1
3507,59.4,4.0,1
3508,248.0,8.2,1
3509,112.6,9.3,1
3510,236.9,5.8,1
3511,227.8,0.1,0
3512,91.8,0.2,1
3513,185.5,7.6,1
3514,74.7,7.7,0
3515,65.0,6.9,1
3516,21.9,3.2,0
3517,187.9,0.5,1
3518,207.4,8.1,0
3519,99.3,2.0,0
3520,56.7,7.0,0
3521,31.2,7.1,0
3522,190.4,4.7,0
3523,148.9,5.0,0
3524,77.6,5.1,1
3525,139.7,0.1,0
3526,20.4,9.8,0
3527,150.3,4.9,1
3528,75.5,9.3,0
3529,199.1,8.4,1
3530,99.2,1.1,1
3531,208.6,6.5,0
3532,135.2,9.5,0
3533,232.5,7.4,0
3534,22.2,4.5,1
3535,202.1,6.2,0
3536,98.9,5.4,0
3537,64.1,1.3,0
3538,49.5,1.7,1
3539,152.0,4.3,1
3540,235.6,3.1,1
3541,109.1,2.2,1
3542,166.8,5.1,0
3543,83.9,7.4,0
3544,55.2,6.9,1
3545,237.0,1.3,1
3546,164.3,9.9,0
3547,208.7,9.7,0
3548,157.8,7.5,0
3549,210.8,2.6,1
3550,99.8,1.2,1
3551,161.5,0.6,0
3552,187.7,4.5,1
3553,155.7,2.0,1
3554,131.4,0.9,1
3555,191.8,4.1,1
3556,193.4,6.3,0
3557,152.8,1.2,0
3558,66.4,2.0,0
3559,38.3,8.7,0
3560,96.0,1.3,0
3561,106.6,6.0,1
3562,150.5,5.5,0
3563,217.4,1.0,1
3564,194.1,7.7,1
3565,165.1,0.2,0
3566,29.7,3.6,0
3567,36.1,2.0,0
3568,217.1,8.4,1
3569,8.7,4.0,0
3570,138.8,0.0,0
3571,153.2,5.8,0
3572,186.3,9.8,1
3573,41.9,1.5,0
3574,248.5,9.0,1
3575,82.4,2.8,0
3576,203.2,8.7,0
3577,92.5,2.1,0
3578,15.3,4.5,1
3579,29.6,8.8,1
3580,84.3,1.1,0
3581,104.7,9.4,0
3582,65.3,8.2,0
3583,175.5,5.1,0
3584,63.7,8.3,0
3585,156.0,3.1,0
3586,61.0,9.7,0
3587,147.0,3.9,1
3588,104.5,9.0,0
3589,215.1,4.0,0
3590,113.3,6.2,0
3591,61.5,6.0,0
3592,100.1,7.2,1
3593,117.7,7.9,0
3594,61.2,8.2,1
3595,74.7,9.7,1
3596,156.4,8.2,0
3597,52.6,6.4,1
3598,16.4,8.1,1
3599,206.3,3.7,0
3600,56.4,6.0,0
3601,206.9,8.0,1
3602,217.2,8.1,0
3603,116.4,2.5,0
3604,36.9,4.6,0
3605,6.2,4.0,1
3606,3.8,6.4,0
3607,12.3,3.1,1
3608,108.7,4.0,0
3609,62.8,3.7,0
3610,23.2,3.8,0
3611,49.7,9.7,1
3612,127.6,5.9,1
3613,94.7,3.0,0
3614,158.1,8.9,1
3615,166.6,1.3,1
3616,72.7,5.2,0
3617,222.8,4.0,0
3618,138.0,7.4,1
3619,172.2,9.7,1
3620,166.4,4.4,0
3621,103.4,8.4,0
3622,190.1,0.5,1
3623,11.4,2.9,1
3624,13.3,3.4,0
3625,141.1,3.0,1
3626,37.3,5.7,0
3627,66.1,4.2,1
3628,54.8,8.9,0
3629,156.3,0.5,0
3630,40.4,5.6,0
3631,58.3,0.4,0
3632,212.4,8.5,0
3633,103.3,8.8,0
3634,83.9,6.9,1
3635,242.7,2.6,0
3636,31.4,1.1,0
3637,133.1,1.8,1
3638,147.2,8.4,1
3639,80.9,4.6,1
3640,150.3,8.3,0
3641,210.9,5.6,0
3642,159.3,7.5,1
3643,150.3,2.0,1
3644,167.6,8.2,0
3645,127.7,6.9,0
3646,105.5,5.6,0
3647,207.6,8.8,0
3648,164.8,6.1,0
3649,31.3,5.1,1
3650,235.0,8.3,0
3651,47.1,6.1,0
3652,45.9,7.6,1
3653,65.1,8.0,1
3654,219.3,0.1,1
3655,118.4,1.5,0
3656,174.4,0.4,0
3657,183.5,3.6,1
3658,30.9,3.9,0
3659,183.5,9.3,1
3660,50.3,3.5,0
3661,178.9,3.9,1
3662,129.3,0.6,0
3663,172.9,0.9,0
3664,108.1,4.4,0
3665,105.2,5.8,0
3666,59.9,4.6,0
3667,157.3,8.2,1
3668,181.5,0.9,1
3669,47.6,3.9,0
3670,68.7,4.0,0
3671,136.2,5.8,1
3672,189.7,4.9,1
3673,230.5,5.9,1
3674,233.2,8.3,0
3675,166.0,0.2,1
3676,102.7,9.5,1
3677,238.2,1.8,0
3678,69.2,5.9,1
3679,51.2,8.7,0
3680,4.0,8.0,1
3681,112.1,3.5,1
3682,91.9,9.3,1
3683,177.2,7.3,0
3684,101.3,9.6,1
3685,15.9,6.9,1
3686,193.7,5.4,1
3687,216.0,9.9,0
3688,114.1,2.6,0
3689,222.0,0.1,1
3690,148.6,2.8,0
3691,213.7,8.5,0
3692,207.6,3.1,1
3693,155.5,8.9,1
3694,104.2,1.3,1
3695,112.3,4.1,0
3696,9.3,6.5,1
3697,24.9,8.5,1
3698,69.3,8.7,0
3699,138.6,1.7,1
3700,139.4,3.0,0
3701,4.4,5.2,1
3702,28.4,9.5,0
3703,29.7,8.8,1
3704,58.7,6.8,1
3705,125.2,7.0,1
3706,190.4,4.0,1
3707,190.9,1.4,1
3708,140.9,1.9,1
3709,91.1,0.7,0
3710,185.4,9.7,1
3711,203.1,6.1,1
3712,193.0,4.7,1
3713,233.4,9.9,1
3714,23.5,9.5,1
3715,11.2,4.1,0
3716,226.1,3.2,0
3717,225.5,9.4,1
3718,71.5,0.3,0
3719,79.1,1.1,1
3720,186.4,1.6,0
3721,106.1,0.4,1
3722,220.6,4.8,0
3723,7.6,1.9,0
3724,44.9,7.4,0
3725,232.0,2.0,1
3726,180.6,0.8,0
3727,63.2,8.8,0
3728,83.3,8.1,0
3729,163.0,9.2,1
3730,44.1,2.7,1
3731,17.9,2.3,1
3732,90.7,6.5,0
3733,181.3,4.4,1
3734,74.2,7.9,1
3735,16.3,9.2,1
3736,238.3,0.1,0
3737,125.0,2.3,1
3738,192.9,6.2,1
3739,213.1,0.7,0
3740,101.5,1.6,1
3741,93.5,0.2,0
3742,64.7,9.5,0
3743,2.3,5.5,0
3744,73.0,1.3,1
3745,55.4,4.8,1
3746,243.0,5.9,0
3747,190.2,7.5,1
3748,123.2,7.9,1
3749,165.1,5.4,0
3750,222.0,1.7,0
3751,161.9,9.9,0
3752,24.3,2.4,0
3753,44.5,8.4,0
3754,4.5,3.1,0
3755,109.7,6.9,1
3756,19.7,9.6,1
3757,213.0,1.0,1
3758,94.5,5.5,0
3759,137.1,6.0,1
3760,189.0,0.3,1
3761,185.7,8.2,1
3762,172.9,5.8,1
3763,205.7,0.9,1
3764,239.4,6.4,1
3765,89.3,1.0,0
3766,217.0,2.6,0
3767,218.0,0.0,0
3768,42.1,3.0,0
3769,76.2,9.4,1
3770,202.8,4.0,1
3771,18.3,0.0,1
3772,232.2,6.7,1
3773,92.2,5.7,1
3774,224.5,3.8,0
3775,49.6,2.8,0
3776,119.7,0.5,1
3777,123.7,2.6,1
3778,211.3,4.4,0
3779,130.9,4.5,0
3780,144.4,1.0,1
3781,243.8,2.9,1
3782,5.8,2.6,1
3783,7.6,5.5,1
3784,24.4,7.8,1
3785,65.4,3.6,0
3786,248.5,8.2,0
3787,85.5,9.3,0
3788,122.7,0.3,0
3789,243.8,3.8,1
3790,103.3,2.3,0
3791,89.4,10.0,0
3792,138.6,4.3,0
3793,165.1,1.7,0
3794,97.4,6.9,1
3795,167.3,9.9,1
3796,39.5,0.6,1
3797,13.5,3.7,1
3798,113.8,9.9,1
3799,134.9,5.8,0
3800,236.3,3.6,1
3801,56.7,0.4,1
3802,128.2,4.0,0
3803,184.9,3.8,1
3804,171.7,3.8,0
3805,155.7,0.0,0
3806,116.5,4.2,1
3807,152.9,8.4,0
3808,12.6,3.4,1
3809,237.2,6.3,0
3810,61.8,8.3,0
3811,27.6,8.5,0
3812,37.8,8.6,0
3813,213.4,9.4,1
3814,175.7,4.1,1
3815,17.3,6.8,0
3816,209.5,9.6,0
3817,139.6,5.6,0
3818,55.4,9.1,1
3819,55.2,8.2,1
3820,4.9,5.9,1
3821,148.5,7.6,0
3822,50.4,4.2,0
3823,22.0,5.8,1
3824,167.6,5.5,0
3825,71.5,8.5,0
3826,47.9,1.2,0
3827,10.7,8.0,0
3828,98.8,0.5,0
3829,87.6,6.6,1
3830,82.7,4.5,1
3831,249.3,0.8,0
3832,12.7,7.2,1
3833,242.4,1.9,0
3834,36.6,1.7,1
3835,162.6,5.4,0
3836,4.7,9.3,0
3837,41.3,7.9,1
3838,247.4,1.0,0
3839,36.5,2.5,0
3840,230.4,8.2,0
3841,95.2,6.5,0
3842,37.0,3.2,0
3843,55.1,6.0,0
3844,53.1,4.0,0
3845,142.8,2.7,1
3846,249.2,7.7,1
3847,189.6,2.6,0
3848,204.3,7.4,1
3849,33.9,6.5,0
3850,140.5,6.7,1
3851,86.1,6.7,0
3852,46.9,6.3,0
3853,133.4,6.2,1
3854,63.9,9.8,1
3855,212.2,1.5,0
3856,46.4,1.7,1
3857,27.6,4.2,0
3858,135.1,8.4,0
3859,195.0,9.3,1
3860,212.8,4.9,1
3861,213.1,5.7,1
3862,185.7,5.1,1
3863,59.8,4.2,1
3864,13.6,1.8,1
3865,226.2,8.5,1
3866,71.0,1.7,0
3867,147.6,9.2,1
3868,55.5,6.8,1
3869,182.2,5.5,0
3870,84.9,3.1,1
3871,193.2,5.8,0
3872,76.3,3.8,1
3873,140.1,1.8,0
3874,138.4,9.4,1
3875,6.1,7.9,0
3876,149.8,1.5,0
3877,44.0,8.2,1
3878,156.9,7.4,0
3879,152.5,7.0,0
3880,73.0,2.0,1
3881,149.0,5.3,1
3882,34.9,0.5,0
3883,147.5,4.6,1
3884,35.4,3.4,0
3885,165.9,3.3,1
3886,65.5,1.5,0
3887,104.0,8.2,0
3888,49.8,0.5,0
3889,239.5,9.2,1
3890,90.1,3.8,1
3891,202.5,4.8,0
3892,147.0,9.1,0
3893,78.5,0.4,1
3894,85.0,7.0,1
3895,237.3,7.4,1
3896,178.9,2.7,0
3897,44.6,3.6,0
3898,44.8,1.0,0
3899,167.9,7.9,0
3900,200.5,2.3,1
3901,204.4,7.7,0
3902,102.8,9.7,1
3903,69.3,2.4,0
3904,184.2,3.8,1
3905,218.5,4.3,1
3906,248.5,4.5,1
3907,242.0,8.6,0
3908,54.5,4.9,0
3909,64.5,0.1,1
3910,231.3,8.9,0
3911,224.6,1.4,1
3912,92.9,9.1,1
3913,189.2,2.4,1
3914,110.0,8.1,0
3915,245.7,3.4,0
3916,193.7,2.0,1
3917,168.1,0.7,1
3918,208.6,2.7,1
3919,201.7,5.1,0
3920,120.1,9.3,0
3921,129.4,4.3,1
3922,237.9,8.9,1
3923,145.2,2.4,0
3924,232.7,0.9,1
3925,100.3,3.4,1
3926,222.0,5.8,0
3927,149.1,2.1,0
3928,175.0,7.5,1
3929,42.3,2.4,1
3930,21.7,8.2,1
3931,210.2,9.4,0
3932,249.8,4.0,0
3933,189.4,7.2,1
3934,148.7,2.6,1
3935,111.9,9.2,0
3936,215.2,2.1,1
3937,179.0,6.9,1
3938,148.8,9.5,1
3939,161.7,5.9,0
3940,150.8,6.3,0
3941,10.4,1.5,1
3942,211.9,5.3,1
3943,2.9,0.1,0
3944,32.3,5.5,1
3945,141.7,6.9,0
3946,31.4,4.7,1
3947,149.0,5.6,1
3948,85.8,4.9,1
3949,162.6,8.0,0
3950,140.5,5.6,0
3951,217.9,6.7,1
3952,5.4,7.7,0
3953,212.1,3.8,0
3954,82.4,4.8,0
3955,95.6,0.7,0
3956,172.6,4.5,0
3957,186.1,4.2,1
3958,49.1,9.5,0
3959,102.1,1.8,1
3960,167.6,1.2,0
3961,33.2,3.8,0
3962,166.2,6.9,1
3963,200.3,3.0,1
3964,160.4,5.3,0
3965,248.0,4.2,1
3966,3.9,7.2,0
3967,119.2,0.6,0
3968,63.6,7.6,0
3969,164.4,9.4,0
3970,95.9,1.1,1
3971,170.8,4.5,0
3972,225.2,9.5,0
3973,72.5,6.5,1
3974,54.7,2.6,0
3975,92.8,4.7,1
3976,101.5,0.8,1
3977,193.5,3.5,1
3978,110.8,3.3,1
3979,40.3,3.8,1
3980,136.9,9.2,0
3981,134.2,5.5,1
3982,130.0,4.7,0
3983,249.8,1.9,1
3984,104.9,9.8,1
3985,52.1,2.9,0
3986,101.0,5.6,1
3987,162.1,8.6,1
3988,66.9,5.6,1
3989,163.8,0.8,1
3990,178.9,9.9,1
3991,21.1,4.3,0
3992,215.5,1.5,0
3993,64.5,2.0,1
3994,192.6,0.9,0
3995,82.2,4.1,0
3996,207.4,9.0,0
3997,195.2,6.2,0
3998,210.6,6.7,1
3999,53.1,2.6,0
4000,191.9,0.3,0
4001,137.7,0.0,0
4002,81.7,0.9,0
4003,213.1,9.2,0
4004,31.6,9.0,0
4005,128.5,6.0,1
4006,244.8,6.9,0
4007,236.3,4.7,1
4008,36.5,2.5,1
4009,203.2,4.1,0
4010,186.5,3.5,1
4011,192.6,4.5,0
4012,80.8,8.8,0
4013,216.3,9.0,1
4014,106.2,8.7,1
4015,103.2,3.6,1
4016,198.0,6.4,1
4017,226.3,1.5,1
4018,123.4,6.2,0
4019,51.7,6.7,1
4020,228.0,2.2,0
4021,114.7,7.3,0
4022,139.8,1.2,1
4023,209.8,4.1,0
4024,214.3,3.5,0
4025,246.1,0.9,1
4026,248.2,8.0,0
4027,1.1,9.0,1
4028,79.8,5.9,0
4029,233.2,9.9,1
4030,200.0,9.7,0
4031,27.0,0.5,1
4032,234.6,1.6,1
4033,199.0,7.7,1
4034,74.2,4.6,0
4035,172.1,5.4,1
4036,24.9,7.1,1
4037,183.9,6.6,1
4038,231.9,9.6,0
4039,109.3,8.4,0
4040,241.0,3.0,1
4041,226.4,3.2,1
4042,187.9,4.2,0
4043,196.3,6.1,0
4044,149.2,0.4,1
4045,156.2,9.4,1
4046,77.0,1.4,1
4047,125.6,5.4,1
4048,93.3,4.4,0
4049,48.6,9.0,0
4050,163.5,2.0,1
4051,235.0,4.1,1
4052,237.0,7.1,1
4053,87.6,1.5,1
4054,221.2,1.8,0
4055,143.6,1.5,1
4056,188.4,7.3,1
4057,103.9,0.7,1
4058,68.0,1.5,0
4059,76.7,8.4,0
4060,216.7,9.3,1
4061,207.1,9.9,0
4062,224.7,6.0,0
4063,249.2,7.1,1
4064,239.6,3.7,1
4065,69.2,1.1,0
4066,103.2,5.2,0
4067,138.6,5.8,1
4068,177.9,7.5,0
4069,26.3,2.7,0
4070,101.7,4.3,0
4071,42.4,4.4,1
4072,18.3,5.2,0
4073,206.3,3.3,0
4074,227.1,2.7,1
4075,142.3,2.1,0
4076,146.2,8.7,0
4077,235.5,0.6,1
4078,200.7,7.9,0
4079,203.2,4.5,1
4080,21.3,5.9,0
4081,134.7,0.8,1
4082,66.0,3.6,1
4083,232.0,7.4,0
4084,127.4,8.3,0
4085,156.6,3.9,0
4086,129.1,4.2,0
4087,163.3,9.4,0
4088,19.4,0.1,0
4089,168.2,5.1,1
4090,219.7,5.6,0
4091,170.2,2.9,0
4092,92.9,8.4,1
4093,77.1,1.6,1
4094,208.8,9.8,1
4095,140.9,6.4,0
4096,247.4,8.5,0
4097,244.3,4.9,0
4098,184.0,5.9,0
4099,2.7,0.4,1
4100,249.4,4.7,0
4101,159.1,0.1,0
4102,31.7,7.7,1
4103,118.1,2.9,0
4104,81.5,7.0,0
4105,43.2,1.1,1
4106,128.8,3.3,1
4107,99.3,8.6,1
4108,221.2,2.5,0
4109,158.5,0.4,0
4110,156.4,5.0,0
4111,97.5,0.7,1
4112,179.5,5.7,0
4113,209.8,9.9,0
4114,237.0,1.4,0
4115,161.1,0.0,0
4116,56.7,3.0,0
4117,245.0,3.0,1
4118,232.3,9.7,1
4119,247.6,1.8,1
4120,247.7,9.3,0
4121,126.0,3.8,0
4122,192.6,3.2,1
4123,243.4,6.3,0
4124,222.7,0.4,1
4125,24.2,6.7,0
4126,118.0,8.9,1
4127,39.2,8.4,0
4128,146.4,8.5,1
4129,79.8,9.1,1
4130,113.7,4.1,0
4131,133.9,7.7,1
4132,69.3,8.4,0
4133,244.1,4.7,0
4134,142.0,6.8,1
4135,110.7,2.3,0
4136,59.0,6.9,0
4137,4.9,2.5,1
4138,102.0,2.8,0
4139,182.9,9.4,0
4140,157.2,2.2,1
4141,79.6,6.4,0
4142,232.0,3.7,0
4143,232.9,6.1,0
4144,106.8,5.4,0
4145,101.2,6.4,0
4146,105.8,0.5,1
4147,153.7,8.8,1
4148,229.8,0.8,1
4149,152.6,1.9,1
4150,86.3,5.5,1
4151,238.7,2.5,0
4152,136.0,0.1,1
4153,138.7,8.2,0
4154,226.3,8.0,1
4155,28.7,5.5,1
4156,82.5,4.8,0
4157,84.7,7.8,1
4158,94.9,6.5,1
4159,238.6,9.8,0
4160,194.1,7.9,1
4161,18.9,1.4,1
4162,222.0,2.7,0
4163,179.2,0.1,1
4164,34.6,8.6,0
4165,140.1,5.7,1
4166,216.4,4.6,0
4167,228.4,4.2,0
4168,24.4,5.7,0
4169,197.9,3.2,1
4170,190.7,1.6,1
4171,108.0,4.8,1
4172,139.4,8.9,0
4173,229.3,5.5,0
4174,223.7,6.4,0
4175,201.5,7.1,1
4176,113.0,5.6,0
4177,82.2,6.4,0
4178,128.6,8.7,0
4179,192.4,5.1,1
4180,98.4,5.5,0
4181,227.1,7.7,1
4182,5.9,7.9,0
4183,85.2,10.0,0
4184,32.7,9.5,0
4185,89.2,4.2,0
4186,101.9,0.7,1
4187,223.3,8.4,0
4188,46.2,2.0,1
4189,13.2,1.6,0
4190,197.9,8.4,0
4191,71.9,4.2,1
4192,190.8,2.4,1
4193,153.4,0.8,1
4194,114.0,1.9,1
4195,223.0,9.2,0
4196,179.0,9.7,1
4197,239.0,1.0,0
4198,16.6,8.1,0
4199,9.1,1.2,1
4200,61.8,2.8,1
4201,101.9,0.7,0
4202,92.7,4.1,0
4203,98.1,1.2,1
4204,238.7,4.0,0
4205,109.6,8.3,0
4206,218.5,9.2,0
4207,138.9,6.6,1
4208,155.3,9.8,0
4209,204.5,7.1,1
4210,194.7,5.0,1
4211,148.2,3.4,1
4212,244.2,6.8,0
4213,126.8,1.2,1
4214,208.0,6.9,1
4215,208.7,2.3,1
4216,134.0,6.6,0
4217,156.3,8.6,1
4218,107.1,9.1,1
4219,221.2,9.0,1
4220,28.6,5.0,0
4221,130.5,2.1,0
4222,16.5,1.7,1
4223,79.1,4.4,1
4224,156.4,3.7,1
4225,193.8,3.7,0
4226,194.2,4.4,0
4227,41.4,1.9,1
4228,98.1,0.3,0
4229,48.1,6.3,0
4230,180.0,5.4,0
4231,218.5,1.0,1
4232,79.1,2.2,0
4233,234.1,1.8,0
4234,64.9,10.0,1
4235,15.8,5.0,0
4236,89.1,9.2,1
4237,205.3,3.4,1
4238,41.2,4.6,1
4239,221.0,5.4,0
4240,172.4,4.1,0
4241,116.2,3.2,0
4242,147.0,4.2,0
4243,102.5,7.7,0
4244,249.6,5.7,0
4245,130.4,3.3,0
4246,16.5,6.8,1
4247,73.8,7.5,1
4248,99.3,7.1,1
4249,120.8,5.0,1
4250,76.8,9.7,0
4251,62.9,2.2,1
4252,130.1,5.2,1
4253,114.7,2.2,0
4254,219.0,9.4,0
4255,121.8,5.2,0
4256,218.4,5.9,0
4257,140.2,3.4,0
4258,73.2,6.0,0
4259,77.8,9.0,1
4260,157.7,5.8,1
4261,86.4,6.0,0
4262,37.6,9.1,0
4263,207.9,7.9,0
4264,183.9,6.2,1
4265,171.0,3.9,1
4266,246.5,9.4,1
4267,17.8,5.8,0
4268,35.6,1.4,0
4269,233.3,2.4,0
4270,235.3,2.9,1
4271,239.1,2.2,0
4272,90.9,2.0,1
4273,186.0,7.6,0
4274,87.2,1.9,1
4275,213.3,0.2,1
4276,143.1,6.0,0
4277,47.1,1.6,0
4278,219.3,9.7,1
4279,150.9,4.9,1
4280,177.7,5.1,0
4281,218.9,6.4,0
4282,205.3,5.7,1
4283,185.3,9.4,0
4284,121.2,0.5,0
4285,219.1,2.6,0
4286,190.6,1.6,1
4287,23.3,4.7,0
4288,182.7,2.3,1
4289,196.1,6.3,1
4290,109.4,3.9,0
4291,179.6,0.8,0
4292,225.4,5.7,1
4293,113.1,3.9,0
4294,214.2,9.9,1
4295,148.5,3.0,0
4296,136.8,2.7,1
4297,249.0,5.9,0
4298,240.4,1.8,0
4299,160.0,1.4,1
4300,86.0,7.4,0
4301,174.7,1.9,1
4302,117.1,2.6,0
4303,227.0,7.3,1
4304,28.4,9.4,1
4305,46.9,8.6,0
4306,89.7,0.4,0
4307,121.5,5.2,1
4308,107.2,6.5,1
4309,11.7,3.7,1
4310,234.5,2.4,1
4311,126.5,4.3,0
4312,148.6,0.8,1
4313,118.0,4.1,1
4314,167.2,3.1,1
4315,59.7,5.9,1
4316,162.0,7.4,0
4317,10.8,3.2,0
4318,225.7,8.6,1
4319,241.3,7.1,0
4320,174.2,4.7,0
4321,58.9,9.2,0
4322,124.6,6.6,1
4323,119.0,5.1,0
4324,82.6,7.9,0
4325,51.6,1.8,0
4326,97.5,2.8,1
4327,120.5,3.9,1
4328,126.8,7.1,0
4329,69.4,2.3,0
4330,185.3,8.7,1
4331,56.2,0.1,1
4332,109.8,0.4,1
4333,41.9,7.1,0
4334,249.7,9.5,1
4335,156.0,9.8,1
4336,67.3,4.6,1
4337,43.4,6.1,0
4338,120.6,5.8,1
4339,101.5,6.3,0
4340,180.9,9.1,1
4341,152.5,9.5,1
4342,230.5,4.2,0
4343,108.3,1.2,1
4344,178.0,9.9,1
4345,150.2,1.3,1
4346,94.0,4.3,1
4347,151.3,7.6,0
4348,221.8,2.5,0
4349,174.1,6.6,0
4350,199.2,0.8,0
4351,108.9,7.5,1
4352,104.9,8.1,1
4353,13.5,6.4,1
4354,3.7,6.0,1
4355,7.8,8.5,1
4356,1.4,3.1,0
4357,64.1,5.4,0
4358,153.9,4.3,1
4359,75.7,0.6,0
4360,197.1,8.9,0
4361,136.7,3.6,0
4362,238.7,6.5,0
4363,227.5,4.5,0
4364,215.8,7.2,0
4365,123.5,0.5,0
4366,25.4,6.7,1
4367,152.7,1.9,1
4368,25.1,2.6,0
4369,226.3,1.5,1
4370,42.2,0.4,0
4371,199.1,1.8,1
4372,45.1,0.9,1
4373,203.6,3.2,0
4374,118.1,5.4,0
4375,184.3,1.4,1
4376,164.4,6.6,1
4377,110.1,4.0,1
4378,217.5,6.9,0
4379,156.2,3.0,0
4380,26.9,0.4,0
4381,136.0,3.0,1
4382,92.6,3.1,0
4383,85.0,7.4,1
4384,61.7,9.8,1
4385,131.7,1.7,1
4386,231.0,0.4,0
4387,12.9,1.2,1
4388,54.4,1.9,0
4389,233.8,5.1,1
4390,229.5,9.0,0
4391,69.2,5.4,0
4392,81.4,2.3,0
4393,150.7,4.6,0
4394,172.2,7.9,0
4395,160.6,1.9,1
4396,133.0,5.2,1
4397,146.3,1.0,0
4398,179.7,1.5,0
4399,190.8,8.5,0
4400,18.2,3.4,1
4401,246.6,2.1,1
4402,100.8,7.8,0
4403,219.6,1.0,0
4404,169.9,2.7,1
4405,247.9,7.1,0
4406,51.8,1.7,0
4407,55.7,2.7,1
4408,201.3,7.4,0
4409,19.2,4.3,0
4410,209.3,1.7,1
4411,80.4,6.1,1
4412,124.7,7.1,0
4413,58.4,8.7,1
4414,129.1,2.7,0
4415,102.3,2.3,0
4416,72.3,0.8,0
4417,157.4,8.1,1
4418,67.7,3.4,1
4419,83.3,7.1,1
4420,108.5,7.3,0
4421,168.9,2.8,0
4422,137.9,2.1,0
4423,167.9,6.1,1
4424,121.1,6.4,0
4425,44.6,6.6,1
4426,80.8,3.2,1
4427,66.8,2.3,1
4428,164.3,3.9,1
4429,46.1,3.3,1
4430,186.9,8.8,1
4431,94.0,7.7,1
4432,128.3,1.6,1
4433,85.2,6.8,1
4434,246.9,7.2,0
4435,34.1,4.2,0
4436,20.7,6.3,1
4437,162.3,6.3,0
4438,71.2,9.5,0
4439,231.4,5.9,1
4440,235.3,8.7,0
4441,129.6,2.7,0
4442,165.3,5.9,0
4443,17.5,4.7,0
4444,90.1,6.7,0
4445,174.5,9.5,0
4446,128.9,2.5,0
4447,177.6,9.5,0
4448,46.2,9.7,0
4449,163.4,6.5,0
4450,208.8,8.7,1
4451,122.6,3.4,1
4452,185.0,3.6,1
4453,235.3,0.5,1
4454,143.0,7.5,0
4455,78.1,1.1,1
4456,80.9,0.1,0
4457,110.6,6.5,1
4458,70.3,3.0,1
4459,83.8,1.2,0
4460,159.6,3.3,0
4461,174.1,5.7,1
4462,3.0,7.8,1
4463,76.2,4.9,1
4464,56.5,0.6,0
4465,102.8,9.5,1
4466,51.3,4.9,0
4467,132.7,6.6,0
4468,214.6,0.5,0
4469,215.1,2.8,1
4470,239.3,3.9,0
4471,24.6,2.9,1
4472,177.3,0.1,0
4473,2.7,6.4,1
4474,244.0,7.2,0
4475,99.9,1.7,0
4476,195.8,3.8,0
4477,190.2,0.3,1
4478,39.4,9.1,1
4479,1.4,0.1,0
4480,235.3,7.2,1
4481,161.8,9.1,0
4482,77.8,6.4,0
4483,217.3,9.1,0
4484,115.0,1.3,1
4485,162.6,0.1,0
4486,19.1,2.4,1
4487,185.8,1.1,1
4488,159.3,4.4,1
4489,78.8,7.7,0
4490,64.9,2.9,0
4491,172.8,0.6,0
4492,25.2,1.2,1
4493,181.4,3.6,0
4494,227.9,2.8,1
4495,15.9,7.0,1
4496,241.5,7.0,1
4497,79.1,3.2,1
4498,101.8,8.9,1
4499,242.9,1.4,0
4500,133.8,0.6,1
4501,5.8,2.7,1
4502,111.2,2.6,1
4503,38.8,1.1,1
4504,173.2,1.4,1
4505,89.8,0.1,0
4506,20.2,3.8,0
4507,195.9,5.1,1
4508,229.8,9.6,0
4509,12.0,1.5,1
4510,185.1,2.6,1
4511,212.1,8.9,0
4512,111.9,5.0,0
4513,206.3,8.8,1
4514,180.6,5.0,1
4515,241.1,1.0,0
4516,248.3,1.9,0
4517,190.7,2.6,0
4518,60.7,0.6,0
4519,97.5,3.7,1
4520,244.7,3.4,1
4521,75.5,0.7,1
4522,154.3,8.7,0
4523,240.5,2.6,0
4524,110.0,8.3,0
4525,247.8,4.1,1
4526,19.0,1.3,0
4527,93.8,1.3,1
4528,105.8,3.2,0
4529,51.6,8.8,0
4530,125.9,9.4,0
4531,33.4,7.9,1
4532,116.5,2.3,0
4533,1.1,6.4,1
4534,236.9,3.9,0
4535,176.3,8.1,0
4536,28.5,2.4,1
4537,120.5,5.8,0
4538,195.9,7.1,0
4539,56.6,1.8,1
4540,206.0,9.3,1
4541,240.4,4.2,1
4542,55.8,3.3,0
4543,129.0,5.1,0
4544,133.3,8.7,1
4545,209.0,6.9,0
4546,104.6,8.9,0
4547,52.3,1.6,0
4548,216.0,9.2,1
4549,191.2,1.5,0
4550,214.6,4.7,0
4551,7.5,6.6,0
4552,202.9,8.2,0
4553,241.6,7.8,1
4554,109.5,3.4,0
4555,67.6,0.0,0
4556,86.3,5.8,0
4557,221.4,0.6,1
4558,143.6,1.8,0
4559,16.3,2.8,0
4560,172.1,2.6,1
4561,4.5,2.0,0
4562,63.0,2.0,0
4563,196.8,8.6,1
4564,192.9,7.1,1
4565,197.2,2.6,0
4566,97.6,7.4,0
4567,219.4,0.9,1
4568,154.0,5.9,0
4569,140.1,4.3,0
4570,14.6,9.8,0
4571,66.9,3.7,1
4572,245.7,2.2,1
4573,52.7,8.4,0
4574,76.5,7.9,0
4575,233.5,10.0,1
4576,40.2,2.7,0
4577,149.1,0.0,1
4578,241.3,6.2,1
4579,159.5,7.7,0
4580,58.6,5.2,0
4581,219.3,3.1,1
4582,33.7,8.9,0
4583,142.0,8.7,1
4584,143.3,5.0,1
4585,121.8,9.8,0
4586,107.7,4.5,0
4587,45.9,2.2,0
4588,142.9,3.6,1
4589,242.9,5.7,1
4590,39.9,7.6,1
4591,209.8,9.1,0
4592,89.5,9.0,1
4593,80.1,7.6,1
4594,107.4,1.2,0
4595,68.1,6.9,0
4596,229.3,1.2,1
4597,200.7,0.7,0
4598,96.6,5.5,0
4599,58.6,7.5,1
4600,195.6,2.4,1
4601,120.4,7.4,1
4602,47.1,8.8,0
4603,61.1,4.7,0
4604,10.2,6.7,1
4605,49.0,2.6,1
4606,135.5,7.3,1
4607,145.3,4.3,1
4608,85.3,5.1,1
4609,102.2,5.7,0
4610,201.1,3.2,1
4611,64.0,5.0,0
4612,132.5,8.7,0
4613,30.2,1.8,0
4614,1.7,6.4,1
4615,156.2,8.3,0
4616,26.2,4.9,1
4617,244.3,8.9,0
4618,246.7,6.7,0
4619,193.8,7.9,0
4620,149.9,6.4,0
4621,18.4,5.8,1
4622,24.2,7.5,0
4623,37.6,4.1,1
4624,46.3,3.1,0
4625,42.8,9.3,0
4626,176.5,7.6,0
4627,152.7,3.8,1
4628,32.4,6.0,1
4629,189.1,8.3,0
4630,93.7,7.5,0
4631,203.9,7.4,1
4632,30.4,2.9,1
4633,96.1,9.3,0
4634,67.8,1.9,0
4635,233.0,2.9,1
4636,215.7,8.5,1
4637,203.1,4.6,1
4638,121.0,9.6,1
4639,113.3,5.6,0
4640,142.5,0.0,1
4641,72.1,2.3,1
4642,80.8,3.5,0
4643,80.1,2.7,0
4644,65.3,0.5,1
4645,202.4,2.3,1
4646,36.3,7.0,0
4647,172.8,7.6,0
4648,40.7,5.7,1
4649,170.3,0.1,1
4650,240.3,2.7,1
4651,128.4,2.5,1
4652,63.4,8.0,1
4653,210.3,0.6,0
4654,129.1,0.4,1
4655,74.9,9.5,1
4656,190.7,5.0,0
4657,68.1,9.1,0
4658,2.6,1.5,1
4659,122.6,5.1,0
4660,96.5,8.7,1
4661,184.7,4.8,0
4662,160.7,7.5,1
4663,190.9,4.6,0
4664,243.1,6.8,0
4665,105.1,8.4,1
4666,239.1,8.8,1
4667,180.6,4.0,1
4668,226.2,3.0,0
4669,203.5,4.1,1
4670,194.6,6.3,1
4671,75.4,6.7,1
4672,46.4,1.4,0
4673,172.6,1.3,1
4674,95.4,0.2,0
4675,158.2,2.0,0
4676,44.5,6.0,0
4677,22.4,4.2,0
4678,38.0,5.2,1
4679,114.9,8.8,0
4680,49.4,3.0,0
4681,40.9,7.2,1
4682,10.4,9.1,0
4683,34.2,2.5,0
4684,136.4,1.5,1
4685,152.5,3.1,1
4686,214.6,1.0,1
4687,220.3,1.1,0
4688,201.2,8.6,0
4689,189.1,7.9,0
4690,81.2,0.7,1
4691,247.2,1.0,1
4692,73.9,1.8,0
4693,210.2,4.0,0
4694,183.2,5.8,1
4695,214.4,6.5,1
4696,195.6,3.0,1
4697,7.3,2.7,0
4698,136.8,2.7,0
4699,129.0,5.9,0
4700,47.8,9.5,1
4701,111.6,4.4,1
4702,76.5,0.5,0
4703,27.4,3.1,0
4704,128.6,6.5,1
4705,75.4,1.9,1
4706,150.2,7.8,0
4707,139.7,9.1,0
4708,229.4,9.4,1
4709,136.9,9.8,0
4710,78.4,7.8,0
4711,139.5,1.5,1
4712,98.7,4.5,0
4713,46.9,7.2,0
4714,114.0,4.4,0
4715,61.8,0.3,1
4716,157.0,5.8,0
4717,102.7,9.0,1
4718,154.1,4.1,1
4719,195.0,6.3,1
4720,4.5,3.8,0
4721,245.4,4.3,1
4722,130.6,4.9,0
4723,200.7,0.9,0
4724,155.7,5.2,0
4725,115.6,9.8,1
4726,124.4,6.5,0
4727,70.9,2.5,1
4728,122.0,3.2,0
4729,183.4,1.8,0
4730,124.2,5.7,1
4731,196.3,3.6,0
4732,167.7,4.9,0
4733,234.4,2.7,0
4734,164.6,3.0,1
4735,37.8,9.9,0
4736,1.5,1.0,1
4737,10.7,0.3,1
4738,66.7,3.4,1
4739,163.7,1.3,1
4740,48.6,9.3,0
4741,229.2,2.2,1
4742,106.3,4.1,1
4743,19.8,4.7,0
4744,127.2,7.7,0
4745,214.3,1.9,1
4746,141.9,8.7,1
4747,231.8,0.3,0
4748,146.1,7.5,0
4749,1.9,6.2,1
4750,210.5,5.6,0
4751,209.6,3.5,1
4752,209.5,8.5,1
4753,199.4,4.1,0
4754,37.2,1.5,1
4755,148.1,3.3,1
4756,69.3,3.6,1
4757,109.8,8.4,0
4758,86.7,3.0,1
4759,23.2,5.6,0
4760,226.3,3.4,0
4761,145.4,4.8,0
4762,52.1,1.4,0
4763,75.5,6.0,0
4764,148.9,6.6,0
4765,9.6,5.4,0
4766,220.5,4.0,0
4767,104.6,8.8,1
4768,22.9,2.0,0
4769,152.0,3.5,1
4770,196.9,1.7,0
4771,228.4,2.8,0
4772,81.9,2.7,1
4773,224.0,7.3,1
4774,150.1,5.4,1
4775,134.1,1.5,1
4776,129.2,0.8,0
4777,208.8,0.3,1
4778,69.9,1.5,1
4779,237.4,4.3,1
4780,219.8,9.3,0
4781,118.5,7.5,0
4782,80.8,3.9,1
4783,172.0,5.8,0
4784,125.3,2.7,1
4785,243.2,1.2,1
4786,233.3,3.3,1
4787,71.8,6.3,1
4788,92.5,2.3,0
4789,151.3,4.8,0
4790,44.0,0.8,0
4791,190.1,9.9,0
4792,102.8,8.6,0
4793,62.4,4.0,1
4794,100.0,6.6,0
4795,179.7,1.2,1
4796,225.7,1.2,1
4797,112.1,5.6,0
4798,177.8,6.2,0
4799,4.6,2.4,1
4800,216.1,1.2,0
4801,114.8,3.9,0
4802,39.4,8.1,1
4803,92.4,8.1,1
4804,141.9,7.9,1
4805,185.7,0.6,1
4806,130.3,9.5,0
4807,50.3,3.5,1
4808,98.0,3.8,1
4809,212.7,5.7,0
4810,105.2,2.9,0
4811,64.6,7.8,0
4812,204.3,1.3,1
4813,64.3,9.4,1
4814,107.8,9.4,0
4815,112.4,6.9,0
4816,98.7,4.4,0
4817,83.7,7.2,0
4818,139.3,2.9,0
4819,208.7,9.5,1
4820,178.9,6.6,0
4821,190.8,9.1,0
4822,98.0,2.1,1
4823,58.6,4.7,0
4824,91.3,0.1,0
4825,42.1,4.2,1
4826,62.5,8.5,1
4827,197.6,4.5,0
4828,141.4,8.1,0
4829,3.0,1.6,1
4830,214.3,1.1,1
4831,153.8,7.5,0
4832,139.8,6.9,0
4833,128.9,7.7,1
4834,31.2,7.5,0
4835,69.0,1.3,0
4836,244.6,3.7,0
4837,104.5,8.9,1
4838,136.6,8.1,1
4839,103.9,8.5,0
4840,105.3,0.3,1
4841,167.7,9.3,0
4842,105.5,0.5,0
4843,78.1,2.5,1
4844,179.7,0.1,0
4845,172.3,9.6,1
4846,65.9,1.0,0
4847,228.1,1.9,0
4848,214.9,6.6,0
4849,207.9,7.7,1
4850,63.9,4.7,1
4851,236.2,6.1,1
4852,135.0,8.9,1
4853,176.5,0.9,0
4854,34.1,3.2,0
4855,68.3,2.2,1
4856,13.0,0.7,1
4857,24.2,9.7,0
4858,167.9,5.7,1
4859,136.5,2.6,0
4860,99.1,3.6,0
4861,106.8,8.0,1
4862,57.7,4.7,0
4863,59.4,5.7,1
4864,55.8,9.6,1
4865,232.8,3.1,0
4866,235.2,9.0,0
4867,222.2,7.5,0
4868,218.1,9.7,1
4869,210.2,4.9,0
4870,169.7,7.5,0
4871,106.2,9.1,1
4872,223.4,3.4,0
4873,237.4,8.5,1
4874,154.3,2.1,1
4875,3.4,0.2,1
4876,80.9,2.7,0
4877,105.3,6.9,0
4878,194.0,5.0,1
4879,113.7,6.7,1
4880,244.7,6.3,1
4881,68.0,2.6,1
4882,11.9,0.9,0
4883,120.9,4.8,0
4884,39.2,1.1,0
4885,248.0,8.4,1
4886,209.0,9.9,0
4887,87.5,1.4,1
4888,9.7,5.5,1
4889,247.8,8.2,0
4890,126.9,8.4,0
4891,53.0,5.1,0
4892,232.3,3.9,1
4893,230.8,1.3,1
4894,186.7,5.5,1
4895,91.9,9.0,1
4896,98.8,5.1,1
4897,190.2,4.1,0
4898,56.0,8.3,1
4899,136.2,3.0,1
4900,88.0,2.4,0
4901,158.8,4.9,1
4902,88.3,2.8,0
4903,79.5,5.6,1
4904,28.0,9.1,1
4905,148.9,8.3,1
4906,164.2,5.5,1
4907,126.4,6.9,1
4908,135.1,7.7,0
4909,245.4,5.2,0
4910,123.5,6.0,1
4911,211.6,8.4,1
4912,119.6,9.6,0
4913,198.9,2.4,1
4914,91.9,3.2,1
4915,140.6,3.2,1
4916,136.0,3.6,0
4917,3.3,6.0,0
4918,116.4,5.5,0
4919,146.9,5.6,0
4920,133.5,7.7,1
4921,53.1,0.6,1
4922,111.6,0.3,1
4923,71.3,7.6,0
4924,26.3,3.2,0
4925,35.0,7.9,1
4926,141.3,3.2,0
4927,162.9,4.6,0
4928,32.9,7.5,1
4929,246.1,4.7,1
4930,236.1,3.9,1
4931,243.5,5.2,1
4932,191.0,3.9,0
4933,146.3,6.0,0
4934,239.1,4.8,1
4935,4.4,6.4,0
4936,70.9,1.5,0
4937,123.6,9.9,0
4938,93.2,1.9,1
4939,166.5,7.7,0
4940,104.3,5.8,0
4941,189.2,6.6,0
4942,168.9,3.5,1
4943,129.5,0.8,1
4944,102.6,8.6,1
4945,131.4,1.4,0
4946,238.5,4.6,0
4947,234.9,3.6,0
4948,44.3,7.6,0
4949,241.4,3.5,0
4950,194.1,9.0,0
4951,147.7,4.8,0
4952,220.8,7.0,0
4953,162.0,7.6,1
4954,153.0,3.1,0
4955,59.0,6.9,1
4956,148.1,6.4,0
4957,202.1,7.3,1
4958,56.5,0.6,0
4959,35.2,1.1,1
4960,134.2,8.3,1
4961,71.0,8.9,0
4962,233.3,8.8,0
4963,39.0,3.2,0
4964,48.2,8.2,1
4965,155.9,9.9,1
4966,134.5,4.6,0
4967,21.0,2.3,1
4968,89.4,9.5,1
4969,38.4,0.8,0
4970,206.2,0.2,1
4971,14.1,8.3,1
4972,162.0,5.8,1
4973,2.6,2.7,0
4974,179.2,0.3,1
4975,150.9,0.6,0
4976,78.6,6.4,1
4977,239.1,3.7,1
4978,14.9,0.2,1
4979,183.9,1.4,1
4980,12.7,8.6,0
4981,74.9,8.8,0
4982,224.2,7.5,0
4983,181.1,8.5,0
4984,102.4,9.0,1
4985,31.3,8.6,1
4986,140.4,5.5,0
4987,122.1,8.2,0
4988,197.3,7.3,1
4989,246.8,3.8,1
4990,96.4,7.8,1
4991,7.3,4.9,0
4992,84.0,8.9,0
4993,33.3,4.5,1
4994,69.6,2.0,0
4995,36.9,3.3,0
4996,244.3,6.2,1
4997,62.7,0.6,0
4998,161.5,1.9,0
4999,174.7,5.2,1
